,rent_address,mall,min_distance,min_duration,postcode,price
0,5707b-639-little-lonsdale-street-melbourne-vic-3000-16111904,Acland Court Shopping Centre,519.28,86.71,3000,570.0
1,513-118-franklin-street-melbourne-vic-3000-15397839,Barrabool Hills Plaza,643.05,84.44,3000,450.0
2,29-400-little-collins-street-melbourne-vic-3000-16022489,Bentons Square Shopping Centre,466.25,50.18,3000,400.0
3,1014-22-24-jane-bell-lane-melbourne-vic-3000-16103081,Bendigo Marketplace,378.36,57.7,3000,600.0
4,1411-250-elizabeth-street-melbourne-vic-3000-16092022,Brand Smart Premium Outlet Centre,81.25,9.22,3000,520.0
5,1309-199-william-street-melbourne-vic-3000-16093914,Bentons Square Shopping Centre,673.36,86.1,3000,520.0
6,1713-25-therry-street-melbourne-vic-3000-16097001,Barrabool Hills Plaza,689.9,98.3,3000,500.0
7,1202-31-spring-street-melbourne-vic-3000-16111139,Altona Gate Shopping Centre,457.01,95.24,3000,570.0
8,703-500-flinders-street-melbourne-vic-3000-16102690,Berwick Marketplace,578.68,106.04,3000,220.0
9,313-394-collins-street-melbourne-vic-3000-15401052,Altona Gate Shopping Centre,446.34,54.29,3000,500.0
10,3008-288-spencer-street-melbourne-vic-3000-16097762,Acland Court Shopping Centre,524.17,87.88,3000,410.0
11,1003-225-elizabeth-street-melbourne-vic-3000-16111540,Box Hill Central,506.84,89.59,3000,575.0
12,701-101-therry-st-melbourne-vic-3000-16069017,Barrabool Hills Plaza,672.63,87.63,3000,585.0
13,232-538-little-lonsdale-street-melbourne-vic-3000-16094294,Balnarring Village Shopping Centre,414.83,61.64,3000,780.0
14,2503-7-katherine-place-melbourne-vic-3000-16096811,Bentons Square Shopping Centre,502.33,73.36,3000,415.0
15,320-68-la-trobe-street-melbourne-vic-3000-16098385,Birallee Village Shopping Centre,605.5,89.18,3000,430.0
16,1701-620-collins-street-melbourne-vic-3000-16114048,Bellpost Shopping Centre,84.15,22.72,3000,650.0
17,101-108-flinders-street-melbourne-vic-3000-16104629,Barrabool Hills Plaza,490.49,73.13,3000,650.0
18,501-243-franklin-street-melbourne-vic-3000-16098203,Bellpost Shopping Centre,706.98,86.53,3000,475.0
19,1202-620-collins-street-melbourne-vic-3000-16114058,Bellpost Shopping Centre,84.15,22.72,3000,500.0
20,312b-399-bourke-street-melbourne-vic-3000-16096996,Bentons Square Shopping Centre,460.96,47.41,3000,400.0
21,816-101-therry-st-melbourne-vic-3000-16068338,Barrabool Hills Plaza,672.63,87.63,3000,820.0
22,4010-639-lonsdale-street-melbourne-vic-3000-16091026,Barkly Square,219.29,28.48,3000,650.0
23,g06-501-little-collins-street-melbourne-vic-3000-16096996,Birallee Village Shopping Centre,558.93,99.31,3000,425.0
24,401-408-lonsdale-street-melbourne-vic-3000-16014585,Brand Smart Premium Outlet Centre,306.54,32.39,3000,410.0
25,7-562-little-bourke-street-melbourne-vic-3000-16094300,Bellpost Shopping Centre,295.86,70.44,3000,380.0
26,623-539-st-kilda-road-melbourne-vic-3000-16110078,Barkly Square,1288.65,125.11,3000,475.0
27,309-501-little-collins-street-melbourne-vic-3000-16107439,Birallee Village Shopping Centre,558.93,99.31,3000,400.0
28,3006-31-a-beckett-street-melbourne-vic-3000-16104600,Bayside Shopping Centre,483.48,72.64,3000,450.0
29,601-8-exploration-lane-melbourne-vic-3000-16081723,Birallee Village Shopping Centre,392.09,68.47,3000,530.0
30,33-400-little-collins-street-melbourne-vic-3000-16022489,Bentons Square Shopping Centre,466.25,50.18,3000,400.0
31,315-118-russell-street-melbourne-vic-3000-16108688,Berwick Marketplace,240.18,36.87,3000,550.0
32,3604-568-collins-street-melbourne-vic-3000-16102990,Belmont Village,234.85,40.8,3000,580.0
33,18-29-george-street-east-melbourne-vic-3002-16108770,Altona Gate Shopping Centre,1769.77,279.77,3002,350.0
34,unit-101m-201-powlett-street-east-melbourne-vic-3002-16109142,Altona Gate Shopping Centre,1584.35,196.55,3002,490.0
35,29-8-wellington-crescent-east-melbourne-vic-3002-16096702,Acland Court Shopping Centre,975.97,133.43,3002,750.0
36,811v-162-albert-street-east-melbourne-vic-3002-16096094,Altona Gate Shopping Centre,1622.85,224.57,3002,600.0
37,23-102-jolimont-road-east-melbourne-vic-3002-16110025,206 Bourke Street,1053.76,180.49,3002,1300.0
38,p18w-189-powlett-street-east-melbourne-vic-3002-16107539,Altona Gate Shopping Centre,1739.05,225.52,3002,495.0
39,806-296-victoria-parade-east-melbourne-vic-3002-13799976,206 Bourke Street,1226.75,164.06,3002,1800.0
40,1-62-simpson-st-east-melbourne-vic-3002-16099921,Altona Gate Shopping Centre,1886.0,272.71,3002,395.0
41,6-18-ireland-street-west-melbourne-vic-3003-16093709,Acland Court Shopping Centre,1321.05,185.29,3003,750.0
42,214-15-31-batman-street-west-melbourne-vic-3003-14585741,Acland Court Shopping Centre,771.89,101.04,3003,400.0
43,102-9-dryburgh-street-west-melbourne-vic-3003-15235467,Acland Court Shopping Centre,1737.52,253.38,3003,550.0
44,5-61-stanley-street-west-melbourne-vic-3003-16105408,Acland Court Shopping Centre,964.92,134.73,3003,395.0
45,409-41-dryburgh-street-west-melbourne-vic-3003-16113705,Acland Court Shopping Centre,1707.73,263.17,3003,550.0
46,407-386-spencer-street-west-melbourne-vic-3003-16106534,Acland Court Shopping Centre,578.21,74.82,3003,450.0
47,260-adderley-street-west-melbourne-vic-3003-16103206,Acland Court Shopping Centre,1385.88,191.52,3003,950.0
48,2613-65-dudley-street-west-melbourne-vic-3003-16108153,Acland Court Shopping Centre,725.22,100.72,3003,520.0
49,1402-82-queens-rd-melbourne-vic-3004-16099647,206 Bourke Street,2152.04,304.59,3004,520.0
50,906-14-queens-road-melbourne-vic-3004-16104224,Bentons Square Shopping Centre,2174.67,220.62,3004,500.0
51,1011-77-queens-road-melbourne-vic-3004-16109866,Altona Gate Shopping Centre,2157.2,230.62,3004,590.0
52,1310-450-st-kilda-road-melbourne-vic-3004-16099990,Bentons Square Shopping Centre,2176.66,220.91,3004,620.0
53,32-632-st-kilda-road-melbourne-vic-3004-16091641,206 Bourke Street,2209.29,312.83,3004,700.0
54,19-32-queens-road-melbourne-vic-3004-16099040,Belmont Village,1754.83,185.62,3004,525.0
55,507-23-queens-road-melbourne-vic-3004-16098966,Bentons Square Shopping Centre,2314.97,230.58,3004,575.0
56,702-74-queens-road-melbourne-vic-3004-16113717,Altona Gate Shopping Centre,2101.52,222.6,3004,530.0
57,106-8-wells-st-southbank-vic-3006-16110505,206 Bourke Street,1512.57,219.22,3006,1200.0
58,3511-151-city-road-southbank-vic-3006-16094411,Bellarine Village Shopping Centre,1410.35,194.04,3006,530.0
59,1005-285-city-road-southbank-vic-3006-16111246,Acland Court Shopping Centre,1103.41,130.17,3006,450.0
60,56-28-southgate-avenue-southbank-vic-3006-16107621,Barrabool Hills Plaza,2189.9,332.33,3006,550.0
61,3201-245-city-road-southbank-vic-3006-16094069,Altona Gate Shopping Centre,1218.67,148.49,3006,575.0
62,3-100-coventry-street-southbank-vic-3006-16111756,Bayside Shopping Centre,2049.75,247.14,3006,520.0
63,1204-33-clarke-street-southbank-vic-3006-16093367,Balnarring Village Shopping Centre,1106.51,153.61,3006,350.0
64,808-250-city-road-southbank-vic-3006-16103830,Balnarring Village Shopping Centre,1121.44,152.52,3006,575.0
65,3104-45-clarke-street-southbank-vic-3006-14397368,Altona Gate Shopping Centre,1249.49,155.72,3006,590.0
66,2902-250-city-road-southbank-vic-3006-16111286,Balnarring Village Shopping Centre,1121.44,152.52,3006,450.0
67,2512-70-southbank-boulevard-southbank-vic-3006-16097066,Bellpost Shopping Centre,1659.69,233.44,3006,600.0
68,4008-45-clarke-street-southbank-vic-3006-16098289,Altona Gate Shopping Centre,1249.49,155.72,3006,650.0
69,312-57-spencer-street-docklands-vic-3008-16108605,Bellpost Shopping Centre,120.47,19.37,3008,600.0
70,1108-81-south-wharf-drive-docklands-vic-3008-16107733,Acland Court Shopping Centre,3158.67,434.78,3008,520.0
71,1404-4-joseph-road-footscray-vic-3011-15362715,206 Bourke Street,996.57,154.35,3011,410.0
72,1107-6-joseph-road-footscray-vic-3011-16104041,206 Bourke Street,1017.84,156.9,3011,500.0
73,9-67-ballarat-rd-footscray-vic-3011-16098677,Acland Court Shopping Centre,1533.98,218.07,3011,370.0
74,1806-8-joseph-road-footscray-vic-3011-16109988,206 Bourke Street,1026.36,157.92,3011,690.0
75,512-4-joseph-rd-footscray-vic-3011-15583218,206 Bourke Street,996.57,154.35,3011,520.0
76,808-2-joseph-road-footscray-vic-3011-15874277,206 Bourke Street,1068.53,162.98,3011,390.0
77,1109-2-joseph-road-footscray-vic-3011-15421439,206 Bourke Street,1068.53,162.98,3011,530.0
78,1412-4-joseph-road-footscray-vic-3011-16106028,206 Bourke Street,996.57,154.35,3011,400.0
79,801-8-joseph-road-footscray-vic-3011-16109999,206 Bourke Street,1026.36,157.92,3011,475.0
80,1908-6-joseph-road-footscray-vic-3011-15399494,206 Bourke Street,1017.84,156.9,3011,410.0
81,1108-2-joseph-road-footscray-vic-3011-16113701,206 Bourke Street,1068.53,162.98,3011,405.0
82,6-217-buckley-street-seddon-vic-3011-16104892,206 Bourke Street,834.01,120.55,3011,370.0
83,1605-6-joseph-road-footscray-vic-3011-16109994,206 Bourke Street,1017.84,156.9,3011,520.0
84,210-12-napier-street-footscray-vic-3011-16100855,206 Bourke Street,1210.83,183.73,3011,630.0
85,1508-6-joseph-road-footscray-vic-3011-16091829,206 Bourke Street,1017.84,156.9,3011,400.0
86,15-99-109-creswick-street-footscray-vic-3011-16105427,206 Bourke Street,870.03,135.99,3011,280.0
87,1205-8-joseph-road-footscray-vic-3011-16096365,206 Bourke Street,1026.36,157.92,3011,485.0
88,7-regent-street-yarraville-vic-3013-16096035,Altona Gate Shopping Centre,1691.55,216.82,3013,600.0
89,20-illawarra-street-williamstown-vic-3016-16104991,206 Bourke Street,12224.57,1103.88,3016,595.0
90,3-107-park-crescent-williamstown-north-vic-3016-16108944,206 Bourke Street,5304.93,539.08,3016,500.0
91,51-spearmint-boulevard-manor-lakes-vic-3024-13582212,206 Bourke Street,3186.81,307.5,3024,400.0
92,30-390-queen-street-altona-meadows-vic-3028-16110953,206 Bourke Street,289.53,45.58,3028,380.0
93,36a-featherby-way-altona-meadows-vic-3028-16110093,206 Bourke Street,2208.26,234.76,3028,395.0
94,74-myers-parade-altona-meadows-vic-3028-16094320,206 Bourke Street,698.33,108.48,3028,440.0
95,207-79-merton-street-altona-meadows-vic-3028-16107073,206 Bourke Street,183.52,31.08,3028,350.0
96,106-stratus-street-tarneit-vic-3029-16100986,Balnarring Village Shopping Centre,4004.04,404.42,3029,480.0
97,10-talliver-terrace-truganina-vic-3029-16111383,Altona Gate Shopping Centre,1873.58,255.4,3029,370.0
98,1-3-weebill-court-werribee-vic-3030-14233278,206 Bourke Street,1456.08,219.04,3030,380.0
99,913-1-ascot-vale-road-flemington-vic-3031-14811213,Balnarring Village Shopping Centre,2582.43,283.68,3031,420.0
100,104-71-89-hobsons-road-kensington-vic-3031-16111222,206 Bourke Street,2341.37,311.93,3031,375.0
101,5-48-farnham-street-flemington-vic-3031-16103716,Altona Gate Shopping Centre,2457.24,286.96,3031,310.0
102,712-68-wests-road-maribyrnong-vic-3032-16093377,Altona Gate Shopping Centre,1025.47,151.49,3032,360.0
103,1001b-2-wests-road-maribyrnong-vic-3032-16110067,206 Bourke Street,1012.39,110.88,3032,360.0
104,307-55-cumberland-drive-maribyrnong-vic-3032-16107543,Acland Court Shopping Centre,2731.73,368.57,3032,470.0
105,704-68-wests-road-maribyrnong-vic-3032-16092164,Altona Gate Shopping Centre,1025.47,151.49,3032,475.0
106,207-8-burrowes-street-ascot-vale-vic-3032-16105755,Barrabool Hills Plaza,2317.46,251.5,3032,450.0
107,3-fortelny-way-moonee-ponds-vic-3039-16103083,Balnarring Village Shopping Centre,1318.13,167.11,3039,495.0
108,25-maple-walk-moonee-ponds-vic-3039-16097397,206 Bourke Street,477.45,79.61,3039,850.0
109,10-8-eddy-strret-moonee-ponds-vic-3039-16096123,206 Bourke Street,441.43,71.59,3039,330.0
110,1-8-10-lincoln-road-essendon-vic-3040-16095553,Barkly Square,2302.34,254.76,3040,620.0
111,6-5-winifred-essendon-vic-3040-16105691,206 Bourke Street,2119.68,288.68,3040,500.0
112,4-8-10-lincoln-road-essendon-vic-3040-16098657,Barkly Square,2302.34,254.76,3040,620.0
113,12-8-10-lincoln-road-essendon-vic-3040-16091133,Barkly Square,2302.34,254.76,3040,750.0
114,51-carrington-road-niddrie-vic-3042-16112270,Altona Gate Shopping Centre,2186.22,307.74,3042,900.0
115,72-austin-crescent-pascoe-vale-vic-3044-16108578,206 Bourke Street,6086.61,648.95,3044,550.0
116,2-6-8-keogh-court-pascoe-vale-vic-3044-16099318,Balnarring Village Shopping Centre,5062.0,526.23,3044,450.0
117,7-55-pleasant-street-pascoe-vale-vic-3044-15507181,206 Bourke Street,5751.52,626.47,3044,400.0
118,1b-hazel-grove-pascoe-vale-vic-3044-16098940,Balnarring Village Shopping Centre,4630.16,495.35,3044,445.0
119,1-255-derby-street-pascoe-vale-vic-3044-15378014,206 Bourke Street,5021.0,465.7,3044,440.0
120,20a-park-street-pascoe-vale-vic-3044-16100660,206 Bourke Street,4500.27,545.63,3044,480.0
121,2-14-gregory-street-oak-park-vic-3046-16095581,206 Bourke Street,5787.38,765.53,3046,550.0
122,2-12-sylvester-street-oak-park-vic-3046-16105234,206 Bourke Street,5917.81,796.84,3046,525.0
123,17-352-victoria-street-north-melbourne-vic-3051-16112376,Bayside Shopping Centre,389.92,44.45,3051,450.0
124,27-carroll-street-north-melbourne-vic-3051-16104463,Bourke Street Mall,2649.85,277.24,3051,1050.0
125,101-96-curzon-street-north-melbourne-vic-3051-16099695,206 Bourke Street,1335.12,131.67,3051,320.0
126,104-16-cobden-street-north-melbourne-vic-3051-16096636,Bellpost Shopping Centre,760.74,93.66,3051,600.0
127,494-abbotsford-street-north-melbourne-vic-3051-16093609,Birallee Village Shopping Centre,2334.6,221.03,3051,1295.0
128,502-46-villiers-street-north-melbourne-vic-3051-16091326,206 Bourke Street,1429.57,158.63,3051,370.0
129,109-380-queensberry-street-north-melbourne-vic-3051-14961044,Altona Gate Shopping Centre,619.28,80.21,3051,550.0
130,4-19-chapman-street-north-melbourne-vic-3051-16112887,Birallee Village Shopping Centre,2267.56,247.82,3051,380.0
131,17-228-the-avenue-parkville-vic-3052-16104553,206 Bourke Street,916.52,129.25,3052,330.0
132,21-361-royal-parade-parkville-vic-3052-16104740,206 Bourke Street,1249.29,148.64,3052,380.0
133,210-445-royal-parade-parkville-vic-3052-16105650,206 Bourke Street,952.04,135.64,3052,370.0
134,12-283-royal-parade-parkville-vic-3052-16096882,Acland Court Shopping Centre,1344.26,148.48,3052,420.0
135,815-91-galada-avenue-parkville-vic-3052-16108978,206 Bourke Street,2458.75,252.94,3052,480.0
136,1-43-barkly-street-carlton-vic-3053-16114029,Braybrook Shopping Centre,1361.92,193.35,3053,460.0
137,112-124-palmerston-street-carlton-vic-3053-16103862,Braybrook Shopping Centre,1946.07,257.02,3053,500.0
138,10-21-university-street-carlton-vic-3053-10308643,Brimbank Central Shopping Centre,1452.42,198.0,3053,525.0
139,37-109-lygon-street-carlton-vic-3053-16105252,Bellarine Village Shopping Centre,965.56,120.01,3053,250.0
140,11-406-cardigan-street-carlton-vic-3053-16107251,Birallee Village Shopping Centre,2266.92,240.55,3053,780.0
141,108-139-143-bouverie-street-carlton-vic-3053-16100726,Balnarring Village Shopping Centre,1093.39,139.12,3053,260.0
142,706-111-leicester-street-carlton-vic-3053-16108027,Balnarring Village Shopping Centre,1057.46,148.58,3053,500.0
143,24-macpherson-street-carlton-north-vic-3054-16092806,Acland Court Shopping Centre,2468.99,271.46,3054,650.0
144,29-1066-lygon-street-carlton-north-vic-3054-16099369,206 Bourke Street,1393.48,161.73,3054,750.0
145,159-richardson-street-carlton-north-vic-3054-16096889,206 Bourke Street,1694.99,199.56,3054,580.0
146,10-sutton-street-carlton-north-vic-3054-16097594,Acland Court Shopping Centre,2358.22,280.1,3054,625.0
147,6-230-dawson-street-brunswick-west-vic-3055-16103397,Acland Court Shopping Centre,1740.08,192.14,3055,375.0
148,19-552-moreland-road-brunswick-west-vic-3055-16112090,Altona Gate Shopping Centre,2711.56,281.9,3055,260.0
149,804-1-olive-york-way-brunswick-west-vic-3055-15357145,Acland Court Shopping Centre,2412.23,268.35,3055,460.0
150,1-3-guthrie-street-brunswick-west-vic-3055-16103784,206 Bourke Street,1860.64,179.6,3055,320.0
151,10-55-heller-street-brunswick-west-vic-3055-16099137,206 Bourke Street,1566.14,163.78,3055,330.0
152,12-39-heller-street-brunswick-west-vic-3055-16112167,206 Bourke Street,1429.97,141.32,3055,325.0
153,5-490-492-moreland-road-brunswick-west-vic-3055-16091467,Acland Court Shopping Centre,3215.62,352.91,3055,395.0
154,5-548-moreland-road-brunswick-west-vic-3055-16109592,Altona Gate Shopping Centre,2742.28,284.67,3055,260.0
155,2-28-millward-street-brunswick-west-vic-3055-16103927,206 Bourke Street,1276.36,126.73,3055,595.0
156,2b-donald-street-brunswick-vic-3056-16094762,206 Bourke Street,2238.15,263.27,3056,650.0
157,213-albert-street-brunswick-vic-3056-16112143,206 Bourke Street,1157.8,144.7,3056,550.0
158,7-walters-street-brunswick-vic-3056-16101017,206 Bourke Street,2560.65,288.19,3056,700.0
159,116-288-albert-street-brunswick-vic-3056-16113457,206 Bourke Street,1028.08,126.02,3056,350.0
160,110-brunswick-road-brunswick-vic-3056-16103107,206 Bourke Street,796.12,96.5,3056,570.0
161,2-horne-street-brunswick-vic-3056-16107121,206 Bourke Street,1373.98,147.26,3056,1050.0
162,399-brunswick-road-brunswick-vic-3056-16091358,206 Bourke Street,1265.04,124.63,3056,1200.0
163,1-80-mitchell-street-brunswick-vic-3056-16104131,206 Bourke Street,2675.87,283.82,3056,460.0
164,1-339-brunswick-road-brunswick-vic-3056-16096511,206 Bourke Street,765.14,78.58,3056,740.0
165,2-53-evans-street-brunswick-vic-3056-16092503,206 Bourke Street,1489.99,165.65,3056,550.0
166,306-267-277-lygon-street-brunswick-vic-3056-16099911,206 Bourke Street,1777.82,172.58,3056,600.0
167,476b-sydney-road-brunswick-vic-3056-16101831,206 Bourke Street,1159.19,142.28,3056,1100.0
168,42-cassels-road-brunswick-vic-3056-16110238,206 Bourke Street,2585.43,327.78,3056,730.0
169,4-653-park-street-brunswick-vic-3056-16109007,206 Bourke Street,733.32,90.12,3056,380.0
170,3-allan-street-brunswick-vic-3056-16091524,206 Bourke Street,1332.58,139.81,3056,850.0
171,3-138-mitchell-street-brunswick-vic-3056-16104854,206 Bourke Street,3151.99,317.32,3056,350.0
172,14-116-albert-street-brunswick-vic-3056-16099340,206 Bourke Street,1876.21,183.57,3056,395.0
173,8-jenkin-street-brunswick-vic-3056-16107288,206 Bourke Street,1800.14,192.41,3056,925.0
174,208-611-sydney-road-brunswick-vic-3056-15144017,206 Bourke Street,1625.47,198.78,3056,420.0
175,71-amelia-street-brunswick-vic-3056-16111322,206 Bourke Street,405.76,59.7,3056,800.0
176,5-31-33-o-connor-street-brunswick-east-vic-3057-16109350,206 Bourke Street,1741.66,181.75,3057,900.0
177,45-victoria-street-brunswick-east-vic-3057-16105604,Acland Court Shopping Centre,2359.74,307.82,3057,550.0
178,4-162-lygon-street-brunswick-east-vic-3057-16101848,206 Bourke Street,1260.25,155.91,3057,440.0
179,106-273-lygon-street-brunswick-east-vic-3057-16095784,206 Bourke Street,1777.82,172.58,3057,575.0
180,313-1-brunswick-road-brunswick-east-vic-3057-16099118,206 Bourke Street,1568.25,193.74,3057,380.0
181,4-31-33-o-connor-street-brunswick-east-vic-3057-16109419,206 Bourke Street,1741.66,181.75,3057,650.0
182,101-392-lygon-street-brunswick-east-vic-3057-16095591,206 Bourke Street,2275.39,215.97,3057,400.0
183,204-294-lygon-street-brunswick-east-vic-3057-15429522,206 Bourke Street,1908.22,187.65,3057,575.0
184,46-nicholson-street-brunswick-east-vic-3057-16112281,206 Bourke Street,2287.24,228.53,3057,780.0
185,306-63-lygon-street-brunswick-east-vic-3057-16104850,206 Bourke Street,779.01,111.26,3057,420.0
186,147-stewart-st-brunswick-east-vic-3057-16108585,206 Bourke Street,2635.26,255.63,3057,610.0
187,2-parkview-avenue-brunswick-east-vic-3057-16108388,Acland Court Shopping Centre,2480.43,325.26,3057,525.0
188,413-11-urquhart-street-coburg-vic-3058-15467995,206 Bourke Street,2948.5,332.66,3058,450.0
189,714-11-urquhart-street-coburg-vic-3058-16097143,206 Bourke Street,2948.5,332.66,3058,450.0
190,1-flinders-street-coburg-vic-3058-15138487,Altona Gate Shopping Centre,3941.59,402.54,3058,430.0
191,4-18-loch-street-coburg-vic-3058-16092618,206 Bourke Street,3653.06,454.75,3058,540.0
192,177-urquhart-street-coburg-vic-3058-16099429,206 Bourke Street,2147.16,261.06,3058,600.0
193,46-mutton-road-fawkner-vic-3060-15915330,206 Bourke Street,3361.11,335.79,3060,450.0
194,27-rocco-avenue-donnybrook-vic-3064-16098102,206 Bourke Street,9690.03,762.44,3064,440.0
195,14-65-george-street-fitzroy-vic-3065-16109661,206 Bourke Street,1466.83,209.05,3065,330.0
196,g05-237-napier-street-fitzroy-vic-3065-16099451,Balnarring Village Shopping Centre,1925.19,304.65,3065,595.0
197,33-bell-street-fitzroy-vic-3065-16110446,Braybrook Shopping Centre,1653.64,221.7,3065,1350.0
198,11g-21-northumberland-street-collingwood-vic-3066-16110786,Altona Gate Shopping Centre,1895.38,245.1,3066,550.0
199,706-75-wellington-street-collingwood-vic-3066-15210408,Altona Gate Shopping Centre,1920.76,237.56,3066,600.0
200,47-bedford-street-collingwood-vic-3066-16105364,Balnarring Village Shopping Centre,2237.81,294.23,3066,550.0
201,3-15-17-bendigo-street-collingwood-vic-3066-16108579,Altona Gate Shopping Centre,3781.17,460.87,3066,350.0
202,1008-68-cambridge-street-collingwood-vic-3066-16096565,Altona Gate Shopping Centre,1888.2,240.53,3066,500.0
203,206-470-smith-street-collingwood-vic-3066-16095724,Balnarring Village Shopping Centre,2947.23,369.98,3066,430.0
204,1-127-cambridge-street-collingwood-vic-3066-16091234,Balnarring Village Shopping Centre,2146.05,295.56,3066,900.0
205,207-6-mater-street-collingwood-vic-3066-16091253,Balnarring Village Shopping Centre,3008.8,388.74,3066,550.0
206,106-35-victoria-parade-collingwood-vic-3066-16093671,Altona Gate Shopping Centre,1477.85,197.64,3066,500.0
207,207g-31-napoleon-street-collingwood-vic-3066-16108865,Balnarring Village Shopping Centre,2759.3,332.22,3066,410.0
208,303-11-hoddle-street-collingwood-vic-3066-16093268,Altona Gate Shopping Centre,2602.64,315.46,3066,390.0
209,114-4-acacia-place-abbotsford-vic-3067-16097009,206 Bourke Street,401.99,77.48,3067,475.0
210,608-627-victoria-street-abbotsford-vic-3067-16112055,206 Bourke Street,874.61,137.82,3067,450.0
211,12-valiant-street-abbotsford-vic-3067-16098146,Balnarring Village Shopping Centre,3061.39,354.29,3067,975.0
212,c306-11-shamrock-street-abbotsford-vic-3067-16103805,206 Bourke Street,1094.32,164.11,3067,550.0
213,1108-20-shamrock-street-abbotsford-vic-3067-15091677,206 Bourke Street,1124.89,171.45,3067,530.0
214,201a-8-grosvenor-street-abbotsford-vic-3067-16093576,206 Bourke Street,967.8,133.75,3067,410.0
215,722-627-victoria-street-abbotsford-vic-3067-16102907,206 Bourke Street,874.61,137.82,3067,400.0
216,112-4-acacia-place-abbotsford-vic-3067-16104805,206 Bourke Street,401.99,77.48,3067,795.0
217,71-84-trenerry-crescent-abbotsford-vic-3067-16110976,Barkly Square,3607.92,388.56,3067,550.0
218,6-241-nicholson-street-abbotsford-vic-3067-11018248,Balnarring Village Shopping Centre,2988.17,325.89,3067,340.0
219,814-4-acacia-place-abbotsford-vic-3067-16097710,206 Bourke Street,401.99,77.48,3067,380.0
220,406-631-victoria-street-abbotsford-vic-3067-16102921,206 Bourke Street,774.75,112.93,3067,650.0
221,13-trenerry-crescent-abbotsford-vic-3067-14338216,Acland Court Shopping Centre,3388.42,365.98,3067,1080.0
222,478-wellington-street-clifton-hill-vic-3068-16105769,Bentons Square Shopping Centre,3150.5,426.33,3068,480.0
223,02-378-st-georges-road-fitzroy-north-vic-3068-16111995,Acland Court Shopping Centre,2192.28,239.84,3068,450.0
224,108a-queens-parade-fitzroy-north-vic-3068-16113014,Balnarring Village Shopping Centre,3110.03,440.02,3068,650.0
225,304-11-reid-street-fitzroy-north-vic-3068-16098276,Acland Court Shopping Centre,2372.99,270.38,3068,450.0
226,g2-26-nicholson-street-fitzroy-north-vic-3068-16108768,206 Bourke Street,2320.78,233.64,3068,590.0
227,304-38-nicholson-street-fitzroy-north-vic-3068-16098711,206 Bourke Street,2271.11,232.97,3068,550.0
228,103-38-nicholson-street-fitzroy-north-vic-3068-16097154,206 Bourke Street,2271.11,232.97,3068,375.0
229,45-mckean-street-fitzroy-north-vic-3068-16092855,Balnarring Village Shopping Centre,3309.39,487.86,3068,550.0
230,48-clifton-avenue-clifton-hill-vic-3068-16092358,Altona Gate Shopping Centre,3074.56,450.21,3068,650.0
231,15-queen-street-fitzroy-north-vic-3068-16098797,206 Bourke Street,2287.42,299.62,3068,635.0
232,8-victoria-road-northcote-vic-3070-16093432,206 Bourke Street,2359.31,238.29,3070,680.0
233,6-22-french-avenue-northcote-vic-3070-16099680,Acland Court Shopping Centre,1335.03,153.13,3070,680.0
234,8-133-clarke-street-northcote-vic-3070-16091779,206 Bourke Street,1427.04,200.1,3070,340.0
235,202-2-separation-street-northcote-vic-3070-16099480,206 Bourke Street,285.34,47.12,3070,460.0
236,121-5-beavers-road-northcote-vic-3070-16088994,206 Bourke Street,679.78,97.14,3070,485.0
237,207-2-6-mccutcheon-street-northcote-vic-3070-15874383,206 Bourke Street,544.21,79.45,3070,500.0
238,67-clarke-street-northcote-vic-3070-16092703,Acland Court Shopping Centre,2192.82,248.81,3070,650.0
239,2-274-st-georges-road-northcote-vic-3070-16113021,206 Bourke Street,1690.03,184.01,3070,570.0
240,9a-spencer-street-northcote-vic-3070-16103679,206 Bourke Street,1139.19,191.5,3070,645.0
241,g04-66-waterloo-road-northcote-vic-3070-16108577,206 Bourke Street,1170.87,169.85,3070,520.0
242,29-turnball-grove-northcote-vic-3070-16110278,206 Bourke Street,612.08,101.1,3070,610.0
243,13-58-clarendon-street-thornbury-vic-3071-16101018,206 Bourke Street,1780.14,244.68,3071,400.0
244,4-86-normanby-avenue-thornbury-vic-3071-16108540,Altona Gate Shopping Centre,2234.45,227.73,3071,560.0
245,13-fenwick-street-thornbury-vic-3071-16108011,206 Bourke Street,958.15,194.31,3071,630.0
246,59-comas-grove-thornbury-vic-3071-16108541,Balnarring Village Shopping Centre,2709.05,272.2,3071,740.0
247,47-speight-street-thornbury-vic-3071-16094346,206 Bourke Street,1522.14,207.57,3071,730.0
248,8-52-pender-street-thornbury-vic-3071-16113012,Barkly Square,2609.07,322.83,3071,260.0
249,118-normanby-avenue-thornbury-vic-3071-16109205,Altona Gate Shopping Centre,2455.66,243.66,3071,750.0
250,348-gooch-street-thornbury-vic-3071-16099884,Balnarring Village Shopping Centre,2957.98,370.95,3071,700.0
251,3-291-rathmines-street-thornbury-vic-3071-16091151,Acland Court Shopping Centre,2122.24,234.82,3071,680.0
252,16-rossmoyne-street-thornbury-vic-3071-16107643,Acland Court Shopping Centre,1820.39,192.91,3071,670.0
253,19-122-high-street-preston-vic-3072-16112735,206 Bourke Street,1303.49,165.39,3072,450.0
254,4-492-plenty-road-preston-vic-3072-16103925,Balnarring Village Shopping Centre,1384.71,158.91,3072,500.0
255,110-raglan-street-preston-vic-3072-16103893,206 Bourke Street,2041.6,244.28,3072,595.0
256,78-oakover-road-preston-vic-3072-16096755,Balnarring Village Shopping Centre,1807.03,268.14,3072,1200.0
257,1-125-henty-street-reservoir-vic-3073-16113414,206 Bourke Street,2139.33,285.38,3073,450.0
258,10-949-high-street-reservoir-vic-3073-15297144,Altona Gate Shopping Centre,3916.85,390.03,3073,490.0
259,2-123-cheddar-road-reservoir-vic-3073-16106073,Barkly Square,4992.26,452.32,3073,425.0
260,1-24-charlton-cres-reservoir-vic-3073-16109817,206 Bourke Street,3445.01,347.7,3073,425.0
261,24-6-hensley-road-lalor-vic-3075-16093487,206 Bourke Street,2836.84,402.27,3075,450.0
262,3-43-gillies-street-fairfield-vic-3078-16100715,206 Bourke Street,2376.9,251.41,3078,290.0
263,23-palm-street-fairfield-vic-3078-16099457,206 Bourke Street,2147.34,213.48,3078,890.0
264,1-150-grange-road-alphington-vic-3078-16099545,206 Bourke Street,1795.8,180.23,3078,320.0
265,201-21-mills-boulevard-alphington-vic-3078-16094987,206 Bourke Street,2747.3,347.63,3078,540.0
266,3-91-livingstone-street-ivanhoe-vic-3079-16097930,206 Bourke Street,777.37,87.3,3079,365.0
267,4-74-darebin-st-heidelberg-vic-3084-16113528,206 Bourke Street,914.27,117.64,3084,450.0
268,level-2-5-9-martin-street-heidelberg-vic-3084-16103734,206 Bourke Street,1013.55,106.51,3084,440.0
269,9-182-hawdon-street-heidelberg-vic-3084-16105331,206 Bourke Street,1265.75,149.43,3084,670.0
270,g09-59-earl-street-kew-vic-3101-14910454,Acland Court Shopping Centre,3838.38,430.84,3101,395.0
271,2-grace-court-kew-vic-3101-16095943,Altona Gate Shopping Centre,4038.32,465.56,3101,920.0
272,3-1a-wimba-avenue-kew-vic-3101-16100819,206 Bourke Street,3981.88,388.97,3101,475.0
273,1-12-stawell-street-kew-vic-3101-16108050,206 Bourke Street,2557.86,286.67,3101,700.0
274,21-findon-crescent-kew-vic-3101-16113943,206 Bourke Street,1201.59,155.9,3101,1600.0
275,9-39-studley-park-rd-kew-vic-3101-16110655,206 Bourke Street,2067.08,219.55,3101,595.0
276,5-33-parkhill-road-kew-vic-3101-16112182,206 Bourke Street,4184.43,407.06,3101,650.0
277,19-asquith-street-kew-vic-3101-16113258,206 Bourke Street,5177.19,634.36,3101,720.0
278,202-39-studley-park-rd-kew-vic-3101-16110655,206 Bourke Street,2067.08,219.55,3101,595.0
279,3-92-brougham-street-kew-vic-3101-16092388,Acland Court Shopping Centre,2837.85,348.59,3101,1200.0
280,4-92-brougham-street-kew-vic-3101-16092405,Acland Court Shopping Centre,2840.2,348.93,3101,1100.0
281,21-high-street-kew-vic-3101-16111438,Altona Gate Shopping Centre,1424.39,171.62,3101,700.0
282,6-8-clyde-street-kew-east-vic-3102-16106556,206 Bourke Street,5760.02,602.95,3102,400.0
283,4-15-munro-st-kew-east-vic-3102-16103832,Acland Court Shopping Centre,4864.09,475.49,3102,550.0
284,3-17-munro-st-kew-east-vic-3102-16104263,Acland Court Shopping Centre,4846.33,472.93,3102,900.0
285,46-elm-grove-kew-east-vic-3102-16099817,206 Bourke Street,6792.58,697.86,3102,720.0
286,105-18-cadow-street-kew-east-vic-3102-16104932,206 Bourke Street,6157.81,605.56,3102,475.0
287,101-20-weir-street-balwyn-vic-3103-16106435,206 Bourke Street,3850.85,407.89,3103,400.0
288,128-gordon-street-balwyn-vic-3103-16091813,206 Bourke Street,3959.24,444.05,3103,1100.0
289,6-eyre-st-balwyn-vic-3103-16095631,206 Bourke Street,2951.04,376.42,3103,1300.0
290,63-monash-ave-balwyn-vic-3103-16111877,206 Bourke Street,4095.47,452.31,3103,800.0
291,44-elliott-ave-balwyn-vic-3103-16105752,206 Bourke Street,4030.41,446.89,3103,590.0
292,110-182-whitehorse-road-balwyn-vic-3103-15840276,206 Bourke Street,3514.01,401.5,3103,360.0
293,2-bennett-street-deepdene-vic-3103-16104504,206 Bourke Street,2880.21,374.65,3103,1175.0
294,23-bolinda-road-balwyn-north-vic-3104-16098242,206 Bourke Street,5424.21,517.54,3104,600.0
295,10-208-210-high-street-templestowe-lower-vic-3107-16091613,Acland Court Shopping Centre,2002.43,193.12,3107,400.0
296,717-101-tram-road-doncaster-vic-3108-16103524,206 Bourke Street,812.52,115.35,3108,500.0
297,21-872-874-doncaster-road-doncaster-east-vic-3109-16093627,Altona Gate Shopping Centre,2468.79,233.05,3109,365.0
298,205-1-redhill-terrace-doncaster-east-vic-3109-16094041,206 Bourke Street,938.74,127.78,3109,500.0
299,1-383-serpells-road-doncaster-east-vic-3109-16111336,206 Bourke Street,1800.05,214.13,3109,600.0
300,50-thea-grove-doncaster-east-vic-3109-16094598,Acland Court Shopping Centre,2639.29,330.35,3109,480.0
301,211-7-red-hill-terrace-doncaster-east-vic-3109-16092464,206 Bourke Street,1011.86,145.32,3109,440.0
302,21-dover-street-richmond-vic-3121-16103850,Bulleen Plaza,1790.21,215.65,3121,650.0
303,19-canterbury-street-richmond-vic-3121-16096668,Barkly Square,2183.53,270.16,3121,700.0
304,75-cutter-street-richmond-vic-3121-16105791,Barkly Square,2423.59,304.24,3121,750.0
305,104-71-abinger-street-richmond-vic-3121-16096988,206 Bourke Street,2246.71,257.7,3121,500.0
306,2-7-jika-place-richmond-vic-3121-16096685,Altona Gate Shopping Centre,2181.74,333.56,3121,540.0
307,17-6-adam-street-richmond-vic-3121-16100713,Balnarring Village Shopping Centre,2277.66,286.67,3121,325.0
308,57-lincoln-street-richmond-vic-3121-16092170,206 Bourke Street,1445.82,197.26,3121,640.0
309,3-52-baker-street-richmond-vic-3121-16098254,206 Bourke Street,1393.26,184.22,3121,400.0
310,158-burnley-street-richmond-vic-3121-13706826,206 Bourke Street,1583.98,225.84,3121,825.0
311,301-27-dickmann-street-richmond-vic-3121-16112647,Bellpost Shopping Centre,1428.27,173.8,3121,600.0
312,6-183-coppin-street-richmond-vic-3121-16105773,Barrabool Hills Plaza,1905.23,209.87,3121,340.0
313,3-17-moorhouse-street-richmond-vic-3121-13330833,Altona Gate Shopping Centre,1896.82,301.56,3121,650.0
314,98a-stawell-street-richmond-vic-3121-16104417,Barkly Square,2414.44,313.39,3121,525.0
315,73-fraser-street-richmond-vic-3121-16091575,206 Bourke Street,2079.74,247.94,3121,645.0
316,6-44-type-street-richmond-vic-3121-16099000,206 Bourke Street,1964.4,251.02,3121,330.0
317,5-4-little-buckingham-street-richmond-vic-3121-16099408,Barkly Square,1975.26,235.89,3121,840.0
318,429-burnley-street-richmond-vic-3121-16100386,Balnarring Village Shopping Centre,2250.31,288.88,3121,925.0
319,57-lord-st-richmond-vic-3121-16112934,206 Bourke Street,2165.49,285.76,3121,1300.0
320,75-neptune-street-richmond-vic-3121-16110194,206 Bourke Street,2115.54,271.24,3121,650.0
321,218-71-abinger-street-richmond-vic-3121-16094828,206 Bourke Street,2246.71,257.7,3121,575.0
322,13a-laity-street-richmond-vic-3121-16099660,206 Bourke Street,1705.63,224.7,3121,1200.0
323,20-davison-street-richmond-vic-3121-6782699,206 Bourke Street,957.62,146.3,3121,550.0
324,94-lennox-street-richmond-vic-3121-16113257,Bendigo Marketplace,2406.2,283.32,3121,700.0
325,4-82-buckingham-street-richmond-vic-3121-16109770,206 Bourke Street,1540.51,226.69,3121,450.0
326,12-murray-street-richmond-vic-3121-16103776,206 Bourke Street,2207.73,292.11,3121,640.0
327,46-73-river-street-richmond-vic-3121-16094613,206 Bourke Street,1918.9,249.64,3121,425.0
328,5-lightfoot-street-richmond-vic-3121-10274422,206 Bourke Street,2292.76,314.81,3121,650.0
329,308-71-canterbury-street-richmond-vic-3121-14973757,Barrabool Hills Plaza,2135.46,254.96,3121,515.0
330,15-gibdon-street-burnley-vic-3121-16105787,Balnarring Village Shopping Centre,1966.41,249.62,3121,770.0
331,304-27-dickmann-street-richmond-vic-3121-16113260,Bellpost Shopping Centre,1428.27,173.8,3121,595.0
332,607-253-bridge-road-richmond-vic-3121-16100906,Bellpost Shopping Centre,2221.21,261.03,3121,420.0
333,g01-8-carroll-street-richmond-vic-3121-16105144,Bourke Street Mall,2048.85,238.78,3121,465.0
334,18-park-grove-richmond-vic-3121-16105798,Balnarring Village Shopping Centre,2747.79,377.42,3121,550.0
335,79-buckingham-street-richmond-vic-3121-16100639,206 Bourke Street,1545.02,227.51,3121,850.0
336,69-brighton-street-richmond-vic-3121-16096202,Acland Court Shopping Centre,1143.25,162.43,3121,650.0
337,11-shamrock-street-richmond-vic-3121-16091440,Bellpost Shopping Centre,1441.02,184.83,3121,695.0
338,16-2a-brougham-street-richmond-vic-3121-16094696,Bayside Shopping Centre,1878.96,223.86,3121,420.0
339,34-abinger-street-richmond-vic-3121-16096038,206 Bourke Street,2384.81,285.91,3121,500.0
340,2-81-abinger-street-richmond-vic-3121-16099075,206 Bourke Street,2032.14,253.76,3121,800.0
341,14-lesney-street-richmond-vic-3121-16111270,Bellpost Shopping Centre,1286.59,151.03,3121,725.0
342,402-77-abinger-street-richmond-vic-3121-16110511,206 Bourke Street,2261.12,261.16,3121,640.0
343,40-wellington-street-richmond-vic-3121-16094652,Bulleen Plaza,1762.82,200.57,3121,780.0
344,5-19-palmer-street-richmond-vic-3121-16098868,206 Bourke Street,1821.15,242.44,3121,700.0
345,109-39-riversdale-road-hawthorn-vic-3122-16109227,206 Bourke Street,2957.69,254.82,3122,600.0
346,7-connell-street-hawthorn-vic-3122-16112571,Barrabool Hills Plaza,2010.69,253.97,3122,895.0
347,13-23-power-street-hawthorn-vic-3122-16092614,Altona Gate Shopping Centre,1854.21,224.27,3122,325.0
348,4-32-power-street-hawthorn-vic-3122-16103495,Altona Gate Shopping Centre,1807.98,240.12,3122,350.0
349,18-112-riversdale-road-hawthorn-vic-3122-16108055,206 Bourke Street,2328.36,209.51,3122,350.0
350,10-edlington-street-hawthorn-vic-3122-16113945,206 Bourke Street,1653.14,166.12,3122,800.0
351,4-3-finchley-court-hawthorn-vic-3122-16104849,206 Bourke Street,2776.48,261.73,3122,450.0
352,3-197-auburn-road-hawthorn-vic-3122-16096743,206 Bourke Street,1796.97,175.85,3122,310.0
353,104-77-riversdale-road-hawthorn-vic-3122-16100086,206 Bourke Street,2635.97,231.65,3122,1175.0
354,2-70-power-street-hawthorn-vic-3122-16075968,Altona Gate Shopping Centre,2125.15,245.94,3122,470.0
355,103-567-569-glenferrie-road-hawthorn-vic-3122-16108509,206 Bourke Street,2736.22,238.87,3122,525.0
356,34-589-glenferrie-road-hawthorn-vic-3122-16094937,206 Bourke Street,2551.82,226.33,3122,265.0
357,8-1b-kinkora-road-hawthorn-vic-3122-16104258,Balnarring Village Shopping Centre,1986.2,240.16,3122,380.0
358,13-112-riversdale-road-hawthorn-vic-3122-16106515,206 Bourke Street,2328.36,209.51,3122,460.0
359,20-523-burwood-road-hawthorn-vic-3122-16103788,206 Bourke Street,1789.47,171.45,3122,550.0
360,10-henrietta-st-hawthorn-vic-3122-16094383,206 Bourke Street,2536.46,244.33,3122,900.0
361,9-312-316-barkers-road-hawthorn-vic-3122-16109610,206 Bourke Street,2742.18,263.04,3122,725.0
362,6-33-grove-rd-hawthorn-vic-3122-16094567,Balnarring Village Shopping Centre,1666.4,211.79,3122,430.0
363,5-selbourne-street-hawthorn-vic-3122-16100969,206 Bourke Street,2097.44,246.6,3122,715.0
364,16-197-auburn-road-hawthorn-vic-3122-16109889,206 Bourke Street,1796.97,175.85,3122,350.0
365,5-56-58-burwood-road-hawthorn-vic-3122-16096828,Barkly Square,2675.74,318.24,3122,375.0
366,304-708-burwood-rd-hawthorn-vic-3122-16096604,206 Bourke Street,1132.59,142.25,3122,650.0
367,ug05c-55-camberwell-road-hawthorn-east-vic-3123-16065863,206 Bourke Street,892.26,104.62,3123,615.0
368,26-hastings-road-hawthorn-east-vic-3123-16107338,206 Bourke Street,1193.4,138.11,3123,810.0
369,12-2-freeman-street-hawthorn-east-vic-3123-16099575,206 Bourke Street,1344.96,157.67,3123,275.0
370,107-35-camberwell-road-hawthorn-east-vic-3123-16104010,206 Bourke Street,988.88,112.35,3123,625.0
371,11-115-victoria-rd-hawthorn-east-vic-3123-16099268,206 Bourke Street,1141.31,130.78,3123,310.0
372,2-119-victoria-road-hawthorn-east-vic-3123-16091571,206 Bourke Street,1103.72,132.38,3123,390.0
373,2-31-33-caroline-street-hawthorn-east-vic-3123-16109612,206 Bourke Street,1583.68,183.94,3123,370.0
374,209-8-montrose-street-hawthorn-east-vic-3123-16109618,206 Bourke Street,1432.34,158.93,3123,400.0
375,23-11-auburn-gr-hawthorn-east-vic-3123-16106129,206 Bourke Street,1272.06,157.6,3123,420.0
376,8-1091-burke-road-hawthorn-east-vic-3123-16096688,206 Bourke Street,1305.28,184.54,3123,370.0
377,304-708-burwood-rd-hawthorn-east-vic-3123-16096604,206 Bourke Street,1132.59,142.25,3123,650.0
378,2-21-munro-st-hawthorn-east-vic-3123-16108516,206 Bourke Street,1566.27,187.74,3123,425.0
379,6-30-munro-st-hawthorn-east-vic-3123-16112646,206 Bourke Street,1475.37,157.95,3123,495.0
380,33-broomfield-road-hawthorn-east-vic-3123-16098753,206 Bourke Street,1993.57,195.03,3123,1000.0
381,54-athelstan-road-camberwell-vic-3124-16104500,Acland Court Shopping Centre,2003.07,196.3,3124,975.0
382,14-thomas-st-camberwell-vic-3124-16106434,206 Bourke Street,5377.83,501.59,3124,1600.0
383,4-11-allambee-avenue-camberwell-vic-3124-16100759,206 Bourke Street,1943.61,236.37,3124,530.0
384,4-105-wattle-valley-road-camberwell-vic-3124-16105634,206 Bourke Street,2573.83,244.11,3124,395.0
385,27-ellsworth-crescent-camberwell-vic-3124-16093229,Acland Court Shopping Centre,3915.08,427.51,3124,810.0
386,568-camberwell-road-camberwell-vic-3124-16098540,206 Bourke Street,2562.43,252.69,3124,550.0
387,1-3-crescent-road-camberwell-vic-3124-16096867,206 Bourke Street,1358.35,176.39,3124,495.0
388,g02-555-burke-road-camberwell-vic-3124-16095744,206 Bourke Street,1080.7,101.13,3124,650.0
389,43-cochrane-avenue-camberwell-vic-3124-16109593,206 Bourke Street,1936.95,259.63,3124,1250.0
390,202-555-burke-road-camberwell-vic-3124-16109562,206 Bourke Street,1080.7,101.13,3124,680.0
391,3-4-spencer-road-camberwell-vic-3124-16091161,206 Bourke Street,1451.18,161.24,3124,465.0
392,9-pine-camberwell-vic-3124-16112483,Altona Gate Shopping Centre,1500.21,135.9,3124,1150.0
393,4-gilmour-road-camberwell-vic-3124-16106772,Acland Court Shopping Centre,4301.58,382.36,3124,900.0
394,24-prospect-hill-road-camberwell-vic-3124-16092042,206 Bourke Street,325.74,62.59,3124,1100.0
395,2-14-rowell-avenue-camberwell-vic-3124-16097609,206 Bourke Street,1479.1,201.53,3124,600.0
396,301-1150-toorak-road-camberwell-vic-3124-16100175,206 Bourke Street,3193.9,323.66,3124,450.0
397,3-aisbett-ave-camberwell-vic-3124-16109108,206 Bourke Street,3848.13,415.16,3124,700.0
398,1a-monica-street-burwood-vic-3125-16097697,206 Bourke Street,4516.58,482.99,3125,730.0
399,31-rubens-grove-canterbury-vic-3126-16112358,206 Bourke Street,2038.61,255.82,3126,1400.0
400,2e-hopetoun-avenue-canterbury-vic-3126-16099464,206 Bourke Street,2447.8,275.94,3126,750.0
401,78-wattle-valley-rd-canterbury-vic-3126-16109321,206 Bourke Street,2568.47,242.7,3126,1100.0
402,g02-178-union-rd-surrey-hills-vic-3127-16103762,206 Bourke Street,3146.81,303.73,3127,390.0
403,937-riversdale-road-surrey-hills-vic-3127-16095527,206 Bourke Street,4554.82,444.93,3127,550.0
404,3-34-durham-road-surrey-hills-vic-3127-16103162,Acland Court Shopping Centre,3330.97,348.54,3127,395.0
405,1-969-riversdale-road-surrey-hills-vic-3127-16099850,206 Bourke Street,4494.84,431.53,3127,500.0
406,206-801-whitehorse-road-mont-albert-vic-3127-16107016,206 Bourke Street,1408.67,184.63,3127,550.0
407,201-43-zetland-road-mont-albert-vic-3127-16092749,206 Bourke Street,1712.85,234.98,3127,730.0
408,4-13-blackburn-street-surrey-hills-vic-3127-16109055,206 Bourke Street,2994.52,299.87,3127,430.0
409,12-kennealy-st-surrey-hills-vic-3127-16112779,Acland Court Shopping Centre,3400.61,371.07,3127,1500.0
410,3-1-nangnak-lane-mont-albert-vic-3127-16105157,206 Bourke Street,1539.08,201.35,3127,640.0
411,1-52-medway-street-box-hill-vic-3128-16112906,206 Bourke Street,1030.04,103.79,3128,370.0
412,205-6-8-wellington-road-box-hill-vic-3128-16110292,206 Bourke Street,1180.96,175.92,3128,400.0
413,8-27-oxford-street-box-hill-vic-3128-16098733,206 Bourke Street,941.55,113.71,3128,580.0
414,2-11-barrina-street-blackburn-south-vic-3130-16107646,Altona Gate Shopping Centre,3393.61,456.48,3130,750.0
415,88-surrey-road-blackburn-north-vic-3130-16112949,206 Bourke Street,1257.54,136.69,3130,600.0
416,2-8-rupert-street-mitcham-vic-3132-16113687,206 Bourke Street,1745.22,165.7,3132,360.0
417,229b-1-19-colombo-street-mitcham-vic-3132-16106908,206 Bourke Street,452.49,67.14,3132,330.0
418,2-ritz-street-vermont-south-vic-3133-15960853,206 Bourke Street,638.51,90.7,3133,520.0
419,3-20-24-dublin-road-ringwood-east-vic-3135-16112504,206 Bourke Street,2217.17,229.22,3135,425.0
420,106-471-malvern-road-south-yarra-vic-3141-16099095,206 Bourke Street,755.78,45.83,3141,425.0
421,1311-18-claremont-street-south-yarra-vic-3141-16106506,Balnarring Village Shopping Centre,1050.65,141.85,3141,620.0
422,5-90-toorak-road-west-south-yarra-vic-3141-16096683,Brandon Park Shopping Centre,1393.8,145.91,3141,360.0
423,203-5-7-wilson-street-south-yarra-vic-3141-15197334,Altona Gate Shopping Centre,404.82,64.66,3141,450.0
424,504-649-chapel-street-south-yarra-vic-3141-16097235,Balnarring Village Shopping Centre,106.08,16.75,3141,650.0
425,1205-77-river-street-south-yarra-vic-3141-14520896,Altona Gate Shopping Centre,175.1,20.57,3141,540.0
426,4-35-marne-street-south-yarra-vic-3141-16103633,Brand Smart Premium Outlet Centre,1432.36,172.6,3141,700.0
427,402-1-chapel-mews-south-yarra-vic-3141-16108066,Altona Gate Shopping Centre,193.36,20.11,3141,680.0
428,21-palermo-street-south-yarra-vic-3141-16099286,Altona Gate Shopping Centre,269.65,51.41,3141,450.0
429,2-31-howitt-street-south-yarra-vic-3141-16109026,Balnarring Village Shopping Centre,1049.43,114.92,3141,320.0
430,4-26-davis-avenue-south-yarra-vic-3141-16111137,Acland Court Shopping Centre,786.65,114.7,3141,375.0
431,1215-7-claremont-street-south-yarra-vic-3141-16108496,Balnarring Village Shopping Centre,1117.2,153.83,3141,550.0
432,510-77-river-street-south-yarra-vic-3141-16093296,Altona Gate Shopping Centre,175.1,20.57,3141,395.0
433,2-1-alexandra-avenue-south-yarra-vic-3141-16106940,Burnside Hub,1638.9,207.43,3141,950.0
434,1101-77-river-street-south-yarra-vic-3141-15537769,Altona Gate Shopping Centre,175.1,20.57,3141,540.0
435,unit-1607-50-claremont-st-south-yarra-vic-3141-16111948,Altona Gate Shopping Centre,912.97,117.07,3141,580.0
436,62-hawksburn-road-south-yarra-vic-3141-16109344,Balnarring Village Shopping Centre,668.85,86.31,3141,1200.0
437,1601-7-claremont-street-south-yarra-vic-3141-15452608,Balnarring Village Shopping Centre,1117.2,153.83,3141,630.0
438,2-64-park-street-south-yarra-vic-3141-16093045,Brand Smart Premium Outlet Centre,1499.64,177.95,3141,690.0
439,1-16-darling-street-south-yarra-vic-3141-16100628,Acland Court Shopping Centre,674.79,68.55,3141,410.0
440,1008-2-claremont-street-south-yarra-vic-3141-14225672,Acland Court Shopping Centre,566.83,72.72,3141,630.0
441,3-1-alexandra-avenue-south-yarra-vic-3141-16103763,Burnside Hub,1638.9,207.43,3141,875.0
442,unit-901-50-claremont-st-south-yarra-vic-3141-16098894,Altona Gate Shopping Centre,912.97,117.07,3141,365.0
443,4-470-punt-road-south-yarra-vic-3141-16111404,206 Bourke Street,1304.64,140.36,3141,430.0
444,16-174-toorak-road-west-south-yarra-vic-3141-16097614,206 Bourke Street,1667.24,156.71,3141,350.0
445,1305-45-claremont-street-south-yarra-vic-3141-16097070,Altona Gate Shopping Centre,878.87,113.83,3141,430.0
446,505-79-river-street-south-yarra-vic-3141-16108010,Altona Gate Shopping Centre,281.81,38.65,3141,470.0
447,4-peter-st-south-yarra-vic-3141-16111285,206 Bourke Street,1015.61,140.7,3141,1150.0
448,9-21-rockley-road-south-yarra-vic-3141-16109121,Acland Court Shopping Centre,759.57,86.1,3141,400.0
449,1212-35-malcolm-street-south-yarra-vic-3141-16104529,Balnarring Village Shopping Centre,94.38,8.95,3141,500.0
450,14-acland-street-south-yarra-vic-3141-16100335,Box Hill Central,1662.17,178.77,3141,1400.0
451,2-116-anderson-street-south-yarra-vic-3141-16100924,Burnside Hub,1635.88,192.29,3141,1150.0
452,2-55-avoca-street-south-yarra-vic-3141-16103349,206 Bourke Street,969.44,122.97,3141,630.0
453,24-43-caroline-street-south-yarra-vic-3141-16105251,Acland Court Shopping Centre,893.4,103.85,3141,395.0
454,22-399-toorak-rd-south-yarra-vic-3141-16103168,Altona Gate Shopping Centre,471.38,49.31,3141,900.0
455,709-12-14-claremont-street-south-yarra-vic-3141-16098801,Balnarring Village Shopping Centre,1090.22,148.98,3141,410.0
456,1-16-18-millswyn-street-south-yarra-vic-3141-16104898,Brandon Park Shopping Centre,1574.41,164.8,3141,475.0
457,4-mandeville-crescent-toorak-vic-3142-16099272,206 Bourke Street,1564.76,155.3,3142,840.0
458,4-24-lascelles-avenue-toorak-vic-3142-16111381,206 Bourke Street,663.78,78.18,3142,875.0
459,11-mell-street-toorak-vic-3142-16096375,206 Bourke Street,1239.06,155.54,3142,950.0
460,17a-clendon-road-toorak-vic-3142-16105569,206 Bourke Street,1545.39,144.59,3142,1370.0
461,66-albany-road-toorak-vic-3142-16109249,Barrabool Hills Plaza,1187.59,115.01,3142,770.0
462,21-425-toorak-road-toorak-vic-3142-16113469,206 Bourke Street,298.17,57.35,3142,600.0
463,2-12-chastleton-avenue-toorak-vic-3142-16111165,206 Bourke Street,1164.15,131.13,3142,460.0
464,685-orrong-rd-toorak-vic-3142-16111493,206 Bourke Street,676.42,73.71,3142,1800.0
465,3-20-tintern-avenue-toorak-vic-3142-16096159,Acland Court Shopping Centre,362.41,59.81,3142,690.0
466,24-723-orrong-road-toorak-vic-3142-16109865,206 Bourke Street,806.44,89.77,3142,670.0
467,7-burnie-street-toorak-vic-3142-16105562,206 Bourke Street,1247.15,219.23,3142,865.0
468,5-256-williams-road-toorak-vic-3142-16098967,Altona Gate Shopping Centre,536.44,49.99,3142,435.0
469,1-791-malvern-road-toorak-vic-3142-16098134,Bayside Shopping Centre,1945.81,186.0,3142,475.0
470,2-424-toorak-road-toorak-vic-3142-16103422,206 Bourke Street,17.8,1.83,3142,550.0
471,7-2a-burnie-street-toorak-vic-3142-16108212,206 Bourke Street,851.48,171.21,3142,400.0
472,13-7-sutherland-road-armadale-vic-3143-16113177,Acland Court Shopping Centre,1065.56,139.58,3143,430.0
473,16-2-armadale-street-armadale-vic-3143-16092266,206 Bourke Street,863.18,108.54,3143,350.0
474,74-sutherland-road-armadale-vic-3143-16092668,206 Bourke Street,1452.06,182.19,3143,1500.0
475,102-8a-evergreen-mews-armadale-vic-3143-16098928,Barrabool Hills Plaza,1774.23,189.15,3143,800.0
476,604-8c-evergreen-mews-armadale-vic-3143-15223873,Barrabool Hills Plaza,1774.23,189.15,3143,690.0
477,8-18-mercer-road-armadale-vic-3143-16098674,206 Bourke Street,2053.68,244.63,3143,530.0
478,49-northcote-road-armadale-vic-3143-16097996,Acland Court Shopping Centre,1924.12,218.14,3143,950.0
479,303-960-high-street-armadale-vic-3143-16100725,206 Bourke Street,1407.09,145.75,3143,850.0
480,1-25-rose-street-armadale-vic-3143-10042843,Bayside Shopping Centre,1731.86,192.0,3143,560.0
481,9-62-wattletree-road-armadale-vic-3143-16091210,206 Bourke Street,530.13,72.11,3143,650.0
482,17-29-kooyong-road-armadale-vic-3143-16109622,206 Bourke Street,796.07,96.46,3143,300.0
483,6-507-dandenong-road-armadale-vic-3143-16098888,206 Bourke Street,906.37,114.13,3143,550.0
484,7-1-duncraig-avenue-armadale-vic-3143-16107324,206 Bourke Street,239.25,45.26,3143,410.0
485,19-60-wattletree-road-armadale-vic-3143-16109919,206 Bourke Street,644.45,89.88,3143,825.0
486,g03-1271-1273-high-street-malvern-vic-3144-16109656,206 Bourke Street,2029.99,203.38,3144,800.0
487,9-164-wattletree-road-malvern-vic-3144-16100352,206 Bourke Street,557.58,67.5,3144,310.0
488,22-ethel-street-malvern-vic-3144-16099895,206 Bourke Street,1493.58,200.28,3144,1600.0
489,10-1231-malvern-road-malvern-vic-3144-16097026,Balnarring Village Shopping Centre,1910.1,182.84,3144,575.0
490,6-164-wattletree-road-malvern-vic-3144-16100356,206 Bourke Street,557.58,67.5,3144,285.0
491,8-260-wattletree-road-malvern-vic-3144-16098780,Altona Gate Shopping Centre,1587.99,153.23,3144,375.0
492,7-36-johnstone-street-malvern-vic-3144-16104691,206 Bourke Street,1737.61,229.43,3144,350.0
493,314-14-elizabeth-street-malvern-vic-3144-16110243,206 Bourke Street,1748.98,193.42,3144,650.0
494,305-1200-high-street-malvern-vic-3144-15192944,206 Bourke Street,1939.15,210.56,3144,450.0
495,1e-wilmot-street-malvern-vic-3144-16095645,206 Bourke Street,749.78,80.06,3144,700.0
496,2-445-glenferrie-road-malvern-vic-3144-16109767,Altona Gate Shopping Centre,1522.31,209.46,3144,800.0
497,12-786-warrigal-road-malvern-east-vic-3145-16105663,206 Bourke Street,760.67,116.81,3145,360.0
498,31-moama-road-malvern-east-vic-3145-16092594,Acland Court Shopping Centre,1102.1,169.62,3145,995.0
499,62-queens-avenue-caulfield-east-vic-3145-16104907,206 Bourke Street,760.11,108.02,3145,495.0
500,211-2a-clarence-street-malvern-east-vic-3145-16106072,206 Bourke Street,903.35,141.87,3145,350.0
501,27-pepperell-lane-malvern-east-vic-3145-16109184,206 Bourke Street,984.63,111.95,3145,780.0
502,402-2a-clarence-street-malvern-east-vic-3145-16095778,206 Bourke Street,903.35,141.87,3145,350.0
503,12-abbotsford-avenue-malvern-east-vic-3145-16092573,206 Bourke Street,1227.91,197.25,3145,895.0
504,10-2-4-baker-street-malvern-east-vic-3145-16103677,206 Bourke Street,999.27,116.96,3145,450.0
505,10-798-warrigal-road-malvern-east-vic-3145-16103154,206 Bourke Street,809.63,124.46,3145,360.0
506,27-clynden-avenue-malvern-east-vic-3145-16105966,206 Bourke Street,1987.05,209.71,3145,420.0
507,726-warrigal-road-malvern-east-vic-3145-16092294,206 Bourke Street,835.64,155.52,3145,710.0
508,101-1443-dandenong-road-malvern-east-vic-3145-16113756,206 Bourke Street,1208.59,167.48,3145,495.0
509,2-413a-waverley-road-malvern-east-vic-3145-16112451,206 Bourke Street,1668.28,182.47,3145,410.0
510,15-2a-bates-street-malvern-east-vic-3145-16108936,206 Bourke Street,695.97,124.54,3145,275.0
511,6-1403-dandenong-road-malvern-east-vic-3145-16094655,206 Bourke Street,1214.12,166.01,3145,350.0
512,1855-malvern-road-malvern-east-vic-3145-16103632,206 Bourke Street,2319.14,256.25,3145,1700.0
513,4-5-winton-road-malvern-east-vic-3145-16103745,206 Bourke Street,1941.65,202.05,3145,520.0
514,3-60-serrell-st-malvern-east-vic-3145-16107329,206 Bourke Street,1401.16,192.56,3145,630.0
515,2-4-prior-rd-malvern-east-vic-3145-16096071,206 Bourke Street,578.86,116.8,3145,620.0
516,4-65-paxton-street-malvern-east-vic-3145-16108869,206 Bourke Street,1945.52,200.52,3145,420.0
517,5-23-camira-street-malvern-east-vic-3145-15363345,206 Bourke Street,847.59,138.65,3145,300.0
518,385-burke-road-glen-iris-vic-3146-16096642,206 Bourke Street,1177.01,109.82,3146,600.0
519,15-4-wills-street-glen-iris-vic-3146-16098084,206 Bourke Street,2050.92,241.45,3146,380.0
520,10-299-burke-road-glen-iris-vic-3146-16103519,206 Bourke Street,1648.65,177.01,3146,310.0
521,28-somerset-road-glen-iris-vic-3146-16108831,Altona Gate Shopping Centre,2991.13,291.31,3146,480.0
522,5-68-edgar-street-north-glen-iris-vic-3146-16105927,206 Bourke Street,1382.4,184.45,3146,400.0
523,4-17-hope-street-glen-iris-vic-3146-16110227,Acland Court Shopping Centre,2353.29,277.14,3146,450.0
524,144-high-st-glen-iris-vic-3146-16092883,Altona Gate Shopping Centre,3210.36,345.93,3146,670.0
525,17-watson-street-glen-iris-vic-3146-16104587,Altona Gate Shopping Centre,3665.86,320.34,3146,550.0
526,4-16-wills-street-glen-iris-vic-3146-16111457,206 Bourke Street,1955.51,224.28,3146,550.0
527,4-1458-high-street-glen-iris-vic-3146-16103489,Barkly Square,1917.13,215.43,3146,1550.0
528,2-26-may-park-avenue-ashwood-vic-3147-16112429,206 Bourke Street,1709.26,204.45,3147,630.0
529,10-katta-court-ashwood-vic-3147-16092329,Acland Court Shopping Centre,1852.88,228.08,3147,560.0
530,102-4-yertchuk-avenue-ashwood-vic-3147-16095641,Acland Court Shopping Centre,3114.46,423.95,3147,495.0
531,2-14-hiscock-street-chadstone-vic-3148-15363745,206 Bourke Street,1252.44,144.66,3148,650.0
532,10-303-305-huntingdale-road-chadstone-vic-3148-16099550,Acland Court Shopping Centre,2669.26,232.73,3148,395.0
533,2-16-thurloo-street-chadstone-vic-3148-16096767,206 Bourke Street,922.98,140.58,3148,650.0
534,1-20-carramar-street-chadstone-vic-3148-16100769,Acland Court Shopping Centre,1566.78,219.51,3148,600.0
535,2-23-amaroo-street-chadstone-vic-3148-15802799,206 Bourke Street,1489.66,201.0,3148,525.0
536,404-70-batesford-road-chadstone-vic-3148-16094741,206 Bourke Street,443.06,60.91,3148,390.0
537,33-carramar-street-chadstone-vic-3148-16096061,206 Bourke Street,1661.02,205.56,3148,650.0
538,2-103-waverley-road-chadstone-vic-3148-16098229,206 Bourke Street,1190.68,118.53,3148,560.0
539,111-436-442-huntingdale-road-mount-waverley-vic-3149-16105315,Acland Court Shopping Centre,2037.77,190.66,3149,370.0
540,49-pascall-street-mount-waverley-vic-3149-16095717,206 Bourke Street,2191.27,254.99,3149,860.0
541,1b-laura-grove-mount-waverley-vic-3149-16096160,206 Bourke Street,2159.59,230.3,3149,695.0
542,6-hillside-road-mount-waverley-vic-3149-16099260,Acland Court Shopping Centre,3261.58,366.99,3149,580.0
543,3-kingsley-grove-mount-waverley-vic-3149-16098328,206 Bourke Street,2310.07,266.69,3149,650.0
544,3-112-114-huntingdale-road-mount-waverley-vic-3149-14880327,206 Bourke Street,3776.7,414.94,3149,400.0
545,8-pindari-drive-bayswater-vic-3153-16113044,Acland Court Shopping Centre,2425.91,252.61,3153,535.0
546,108-67-77-hawthorn-road-caulfield-north-vic-3161-16113540,Acland Court Shopping Centre,1780.47,190.8,3161,520.0
547,6-labassa-grove-caulfield-north-vic-3161-16110340,206 Bourke Street,2361.64,247.14,3161,625.0
548,1-41-kooyong-rd-caulfield-north-vic-3161-16113276,206 Bourke Street,1424.12,159.81,3161,720.0
549,201-6-station-st-caulfield-north-vic-3161-16108638,206 Bourke Street,861.67,130.24,3161,580.0
550,7-norwood-rd-caulfield-north-vic-3161-16111976,206 Bourke Street,1916.15,221.61,3161,600.0
551,3-54-kooyong-road-caulfield-north-vic-3161-16104819,206 Bourke Street,1445.11,165.04,3161,550.0
552,7-94-eskdale-rd-caulfield-north-vic-3161-16111066,206 Bourke Street,1160.58,182.83,3161,320.0
553,10-113-eskdale-road-caulfield-north-vic-3161-16112117,206 Bourke Street,1080.37,163.58,3161,320.0
554,2-27-leaburn-avenue-caulfield-north-vic-3161-16099564,Acland Court Shopping Centre,1931.04,239.85,3161,1200.0
555,2-309-hawthorn-road-caulfield-north-vic-3161-16110754,Acland Court Shopping Centre,2832.34,259.64,3161,700.0
556,3-31-wanda-road-caulfield-north-vic-3161-15230423,206 Bourke Street,1661.11,203.05,3161,375.0
557,37a-bambra-road-caulfield-north-vic-3161-16098329,Acland Court Shopping Centre,1702.61,189.97,3161,640.0
558,station-street-caulfield-north-vic-3161-16094214,206 Bourke Street,697.73,117.13,3161,495.0
559,station-street-caulfield-north-vic-3161-16094221,206 Bourke Street,697.73,117.13,3161,640.0
560,6-374-dandenong-road-caulfield-north-vic-3161-16111921,206 Bourke Street,1777.08,189.58,3161,575.0
561,3-681-inkerman-road-caulfield-north-vic-3161-16107828,206 Bourke Street,1436.67,168.75,3161,460.0
562,2-55-wanda-rd-caulfield-north-vic-3161-16093913,206 Bourke Street,1429.71,177.57,3161,700.0
563,6-11-kooyong-road-caulfield-north-vic-3161-16035335,206 Bourke Street,1054.95,130.28,3161,375.0
564,207-6-station-st-caulfield-north-vic-3161-16108569,206 Bourke Street,861.67,130.24,3161,480.0
565,16-york-street-caulfield-south-vic-3162-16112581,Acland Court Shopping Centre,4475.97,414.14,3162,650.0
566,20-sycamore-street-caulfield-south-vic-3162-16111960,Acland Court Shopping Centre,3981.24,380.04,3162,895.0
567,5-120-murray-street-caulfield-vic-3162-16098698,Acland Court Shopping Centre,3491.4,330.91,3162,525.0
568,3-1-frederick-street-caulfield-south-vic-3162-16106461,Acland Court Shopping Centre,3883.04,388.16,3162,495.0
569,1-142-booran-road-caulfield-south-vic-3162-16107934,Acland Court Shopping Centre,2348.89,246.28,3162,575.0
570,5-1011-glen-huntly-road-caulfield-vic-3162-16111675,Acland Court Shopping Centre,2350.63,241.88,3162,440.0
571,43-bent-st-caulfield-south-vic-3162-16093981,Acland Court Shopping Centre,2943.48,308.35,3162,1200.0
572,2-276-hawthorn-road-caulfield-vic-3162-16097784,Acland Court Shopping Centre,2849.69,260.78,3162,485.0
573,107-15-bond-street-caulfield-vic-3162-15367271,206 Bourke Street,800.96,134.37,3162,450.0
574,11-8-tattenham-street-caulfield-vic-3162-16110783,206 Bourke Street,1295.5,152.6,3162,330.0
575,3-1-freeman-street-caulfield-vic-3162-16092052,Acland Court Shopping Centre,2799.81,284.84,3162,1100.0
576,201-136-murray-street-caulfield-vic-3162-10136316,Acland Court Shopping Centre,3213.17,287.84,3162,430.0
577,1a-marriott-street-caulfield-vic-3162-16103818,Acland Court Shopping Centre,2210.57,223.86,3162,910.0
578,6-18-bute-st-murrumbeena-vic-3163-16112065,206 Bourke Street,2262.39,251.81,3163,290.0
579,3-brisbane-street-murrumbeena-vic-3163-16099765,206 Bourke Street,1364.15,149.14,3163,495.0
580,12-24-dunoon-street-murrumbeena-vic-3163-16110351,206 Bourke Street,1994.61,185.04,3163,330.0
581,10-5-wilson-street-murrumbeena-vic-3163-16104133,206 Bourke Street,1971.56,362.71,3163,230.0
582,1140-dandenong-rd-carnegie-vic-3163-16097320,206 Bourke Street,681.2,108.11,3163,510.0
583,6-20-gerald-st-murrumbeena-vic-3163-16097327,206 Bourke Street,2344.17,271.43,3163,350.0
584,5-9-rosstown-road-carnegie-vic-3163-16110849,206 Bourke Street,754.84,156.7,3163,310.0
585,6-45-coorigil-road-carnegie-vic-3163-16091052,206 Bourke Street,1561.6,155.03,3163,290.0
586,2-17-railway-parade-murrumbeena-vic-3163-16109008,206 Bourke Street,1676.81,203.82,3163,360.0
587,19-160-grange-road-carnegie-vic-3163-16092925,206 Bourke Street,2256.15,209.13,3163,280.0
588,3-3-mackay-ave-carnegie-vic-3163-16098646,206 Bourke Street,2886.17,269.58,3163,460.0
589,2-67-moonya-rd-carnegie-vic-3163-16098026,206 Bourke Street,2006.94,202.97,3163,320.0
590,203-1298-glen-huntly-road-carnegie-vic-3163-16106830,206 Bourke Street,1311.55,132.58,3163,495.0
591,3-29-mernda-ave-carnegie-vic-3163-16103178,206 Bourke Street,1854.77,210.68,3163,330.0
592,2-109-grange-road-glen-huntly-vic-3163-16091489,206 Bourke Street,1763.26,155.48,3163,265.0
593,28-lyons-street-carnegie-vic-3163-16096310,206 Bourke Street,1914.47,193.98,3163,700.0
594,3-25-shepparson-avenue-carnegie-vic-3163-16094973,206 Bourke Street,737.97,84.1,3163,340.0
595,4-16-toward-street-murrumbeena-vic-3163-16094879,206 Bourke Street,2219.48,226.22,3163,425.0
596,1-velra-ave-murrumbeena-vic-3163-16091106,Balnarring Village Shopping Centre,2676.92,302.73,3163,750.0
597,1-204-neerim-road-carnegie-vic-3163-15580163,206 Bourke Street,1227.12,112.35,3163,295.0
598,209-3-elliott-ave-carnegie-vic-3163-16097314,206 Bourke Street,947.35,107.23,3163,580.0
599,5-12a-toward-street-murrumbeena-vic-3163-16099704,206 Bourke Street,1842.42,228.58,3163,295.0
600,6-1204-glen-huntly-road-glen-huntly-vic-3163-16110831,206 Bourke Street,1899.48,172.45,3163,480.0
601,3-4-beverley-street-glen-huntly-vic-3163-16109544,Acland Court Shopping Centre,2300.23,294.16,3163,450.0
602,22b-park-ave-glen-huntly-vic-3163-16094731,206 Bourke Street,2598.5,225.8,3163,780.0
603,257-koornang-road-carnegie-vic-3163-16108611,206 Bourke Street,1344.2,123.64,3163,670.0
604,14-13-rosedale-ave-glen-huntly-vic-3163-16103695,206 Bourke Street,2100.19,207.66,3163,285.0
605,7-15-rosedale-avenue-glen-huntly-vic-3163-16095521,206 Bourke Street,2048.83,198.41,3163,400.0
606,1-15-melbourne-street-murrumbeena-vic-3163-16103337,206 Bourke Street,1734.12,202.01,3163,500.0
607,82-115-neerim-road-glen-huntly-vic-3163-16095621,Acland Court Shopping Centre,1455.42,171.15,3163,350.0
608,3-10-adelaide-street-murrumbeena-vic-3163-16109631,206 Bourke Street,1499.22,156.63,3163,300.0
609,26a-bonny-street-bentleigh-east-vic-3165-16058750,Acland Court Shopping Centre,3610.36,429.07,3165,1150.0
610,1-bethwyn-street-bentleigh-east-vic-3165-16103205,206 Bourke Street,3734.46,339.33,3165,495.0
611,3-54-hill-street-bentleigh-east-vic-3165-16091798,Acland Court Shopping Centre,4498.19,492.55,3165,400.0
612,202-53-browns-road-bentleigh-east-vic-3165-16097230,Acland Court Shopping Centre,4593.13,476.69,3165,545.0
613,7a-fraser-street-bentleigh-east-vic-3165-16104506,Acland Court Shopping Centre,4661.6,524.83,3165,950.0
614,2-45-browns-road-bentleigh-east-vic-3165-16104783,Acland Court Shopping Centre,4598.33,477.94,3165,420.0
615,1-45-neville-st-bentleigh-east-vic-3165-16095004,Acland Court Shopping Centre,4169.15,506.84,3165,650.0
616,9a-9b-ludwell-crescent-bentleigh-east-vic-3165-16092784,206 Bourke Street,4186.7,480.76,3165,900.0
617,6-27-gladwyn-avenue-bentleigh-east-vic-3165-15284183,206 Bourke Street,3240.9,329.86,3165,430.0
618,103-16-malane-street-bentleigh-east-vic-3165-16098175,206 Bourke Street,4678.43,494.13,3165,380.0
619,310-24-becket-avenue-bentleigh-east-vic-3165-16098565,Acland Court Shopping Centre,4554.18,472.53,3165,360.0
620,1-kadir-street-bentleigh-east-vic-3165-16110561,Altona Gate Shopping Centre,2173.18,276.61,3165,420.0
621,1-10-keith-street-oakleigh-east-vic-3166-16099635,206 Bourke Street,3106.01,310.08,3166,405.0
622,3-14-carmichael-road-oakleigh-east-vic-3166-16091410,Acland Court Shopping Centre,2891.68,314.11,3166,650.0
623,3-60-patrick-street-oakleigh-east-vic-3166-16099764,Acland Court Shopping Centre,3912.97,383.86,3166,650.0
624,1-2-mill-road-oakleigh-vic-3166-15374846,206 Bourke Street,989.68,181.2,3166,630.0
625,6-berrima-street-oakleigh-east-vic-3166-15137796,206 Bourke Street,2949.55,337.75,3166,450.0
626,17-crown-close-oakleigh-east-vic-3166-16113552,206 Bourke Street,2903.58,341.18,3166,520.0
627,2-1845-dandenong-road-oakleigh-east-vic-3166-16092807,206 Bourke Street,3558.93,338.22,3166,850.0
628,203-59-63-warrigal-road-hughesdale-vic-3166-13009899,206 Bourke Street,406.82,79.76,3166,480.0
629,7-1344-dandenong-road-hughesdale-vic-3166-16112445,206 Bourke Street,1084.25,213.46,3166,390.0
630,3-1-coane-street-oakleigh-east-vic-3166-16110864,206 Bourke Street,3891.27,349.21,3166,400.0
631,9-parer-street-oakleigh-vic-3166-16093353,206 Bourke Street,2199.1,248.16,3166,540.0
632,3-1845-dandenong-road-oakleigh-east-vic-3166-16092754,206 Bourke Street,3558.93,338.22,3166,950.0
633,3-28a-carlisle-crescent-hughesdale-vic-3166-15840574,206 Bourke Street,1642.5,220.11,3166,510.0
634,1-20-lincoln-street-oakleigh-vic-3166-16107897,206 Bourke Street,1193.01,138.69,3166,550.0
635,16-silvan-street-oakleigh-south-vic-3167-15400067,Barkly Square,5065.18,557.82,3167,575.0
636,1-2-cunningham-place-oakleigh-south-vic-3167-16094025,206 Bourke Street,5930.81,672.42,3167,460.0
637,3-15-elata-street-oakleigh-south-vic-3167-16099363,Acland Court Shopping Centre,1752.25,193.97,3167,430.0
638,20-2-greenfield-drive-clayton-vic-3168-15740628,206 Bourke Street,3419.9,481.12,3168,360.0
639,2-1-manatunga-street-clayton-vic-3168-16099845,Acland Court Shopping Centre,3471.33,422.94,3168,650.0
640,1-3-jaguar-drive-clayton-vic-3168-16022646,Acland Court Shopping Centre,3333.84,436.9,3168,695.0
641,2-40-glenbrook-avenue-clayton-vic-3168-16110582,206 Bourke Street,3727.08,364.74,3168,550.0
642,118-864-blackburn-road-clayton-vic-3168-16103508,206 Bourke Street,1638.67,241.12,3168,380.0
643,4-28-banksia-street-clayton-vic-3168-16109082,Altona Gate Shopping Centre,3957.52,509.65,3168,420.0
644,1-40-glenbrook-avenue-clayton-vic-3168-16110445,206 Bourke Street,3727.08,364.74,3168,775.0
645,3-40-glenbrook-avenue-clayton-vic-3168-16111672,206 Bourke Street,3727.08,364.74,3168,895.0
646,17-wandoo-avenue-clarinda-vic-3169-16108397,206 Bourke Street,4884.05,473.67,3169,495.0
647,56-davanzo-avenue-clarinda-vic-3169-16092173,206 Bourke Street,5721.13,817.29,3169,460.0
648,1-4-6-mallawa-street-clayton-south-vic-3169-16092812,206 Bourke Street,3766.53,504.2,3169,380.0
649,11-regent-avenue-springvale-vic-3171-16110391,206 Bourke Street,3961.79,505.25,3171,450.0
650,2-9-virginia-street-springvale-vic-3171-16103573,206 Bourke Street,3663.1,502.46,3171,495.0
651,33a-marcus-road-dingley-village-vic-3172-16097552,206 Bourke Street,246.91,20.16,3172,650.0
652,1-69-centre-dandenong-road-dingley-village-vic-3172-16099840,206 Bourke Street,246.95,18.45,3172,540.0
653,11-ridder-court-dingley-village-vic-3172-16104299,Acland Court Shopping Centre,2032.06,224.53,3172,470.0
654,130-stanley-road-keysborough-vic-3173-16093594,206 Bourke Street,1969.96,236.93,3173,850.0
655,20-greenside-cres-keysborough-vic-3173-16110634,206 Bourke Street,3834.75,439.09,3173,850.0
656,41-balgowlah-avenue-keysborough-vic-3173-16104670,206 Bourke Street,1057.23,131.42,3173,480.0
657,2-1-mitchell-court-noble-park-vic-3174-16091711,206 Bourke Street,4042.28,435.58,3174,290.0
658,33-theodore-avenue-noble-park-vic-3174-16104719,206 Bourke Street,3229.66,313.08,3174,420.0
659,3-15-leman-crescent-noble-park-vic-3174-16104774,206 Bourke Street,4064.8,412.77,3174,550.0
660,24-kleine-street-noble-park-vic-3174-16102906,206 Bourke Street,3587.0,333.07,3174,530.0
661,710-stud-road-scoresby-vic-3179-15268201,206 Bourke Street,3437.81,387.48,3179,485.0
662,2-2-rae-court-prahran-vic-3181-16092519,206 Bourke Street,1875.5,177.81,3181,450.0
663,16-spring-street-prahran-vic-3181-16109263,Acland Court Shopping Centre,1340.42,151.64,3181,550.0
664,304-152-peel-street-windsor-vic-3181-16108695,206 Bourke Street,1337.69,139.96,3181,495.0
665,62a-union-street-windsor-vic-3181-16096060,206 Bourke Street,1488.29,164.38,3181,1000.0
666,4-2-4-jessamine-avenue-prahran-vic-3181-16096629,Barrabool Hills Plaza,2186.43,263.32,3181,430.0
667,22-174-peel-street-windsor-vic-3181-16109077,206 Bourke Street,1237.33,116.74,3181,570.0
668,5-327-dandenong-road-prahran-vic-3181-16112180,Acland Court Shopping Centre,1753.1,183.38,3181,585.0
669,502-201-high-street-prahran-vic-3181-16108215,206 Bourke Street,726.31,60.66,3181,380.0
670,9-4-normanby-street-windsor-vic-3181-16103941,206 Bourke Street,1385.37,132.68,3181,330.0
671,23-66-murray-street-prahran-vic-3181-16093824,206 Bourke Street,1213.99,99.71,3181,400.0
672,24-300-high-street-prahran-vic-3181-16092833,206 Bourke Street,1002.14,84.69,3181,595.0
673,1c-lewisham-road-windsor-vic-3181-16104364,Altona Gate Shopping Centre,2238.54,216.24,3181,750.0
674,72-perth-street-prahran-vic-3181-16108083,206 Bourke Street,595.63,64.73,3181,875.0
675,204-27-the-avenue-windsor-vic-3181-16103482,206 Bourke Street,1416.65,123.77,3181,425.0
676,43-eastbourne-street-prahran-vic-3181-16099313,206 Bourke Street,962.25,86.43,3181,800.0
677,110-22-chatham-street-prahran-vic-3181-16104912,206 Bourke Street,344.82,31.15,3181,360.0
678,g04-652-high-street-prahran-vic-3181-16111416,Barrabool Hills Plaza,1731.94,168.47,3181,625.0
679,1-1-ellesmere-road-windsor-vic-3181-16107246,Altona Gate Shopping Centre,2116.38,193.12,3181,330.0
680,2-abeckett-street-prahran-vic-3181-16095838,206 Bourke Street,1155.04,118.29,3181,1200.0
681,42-321-chapel-street-prahran-vic-3181-16094332,206 Bourke Street,167.49,17.06,3181,495.0
682,7-680-malvern-road-prahran-vic-3181-16097081,206 Bourke Street,1068.17,108.85,3181,500.0
683,2-22-ellesmere-road-prahran-vic-3181-16112401,Altona Gate Shopping Centre,1994.83,178.54,3181,500.0
684,306-198-st-kilda-road-st-kilda-vic-3182-16113646,206 Bourke Street,1262.12,172.36,3182,350.0
685,3505-14-16-the-esplanadr-st-kilda-vic-3182-16106828,206 Bourke Street,951.21,115.84,3182,1600.0
686,13-343-beaconsfield-parade-st-kilda-west-vic-3182-16108716,206 Bourke Street,1798.67,240.76,3182,385.0
687,35-233-canterbury-road-st-kilda-west-vic-3182-16109040,206 Bourke Street,1343.48,152.99,3182,360.0
688,1-2-2-woodstock-street-st-kilda-vic-3182-16093793,206 Bourke Street,1483.07,180.17,3182,375.0
689,4-22-crimea-street-st-kilda-vic-3182-15808911,206 Bourke Street,1669.37,212.44,3182,300.0
690,49-64-fitzroy-street-st-kilda-vic-3182-16095131,206 Bourke Street,1296.36,144.42,3182,430.0
691,13-47-brighton-road-st-kilda-vic-3182-16099504,206 Bourke Street,1012.57,116.21,3182,440.0
692,2-16-vale-st-st-kilda-vic-3182-16108973,206 Bourke Street,1367.75,153.31,3182,320.0
693,1-3-7-sebastopol-street-st-kilda-vic-3182-16104975,206 Bourke Street,2095.2,208.72,3182,330.0
694,304a-33-inkerman-st-st-kilda-vic-3182-16104398,206 Bourke Street,657.24,73.1,3182,470.0
695,207-11-13-jackson-street-st-kilda-vic-3182-16103822,206 Bourke Street,1526.72,204.6,3182,700.0
696,2-44-robe-street-st-kilda-vic-3182-16100042,206 Bourke Street,891.44,110.06,3182,420.0
697,10-15-inkerman-street-st-kilda-vic-3182-16111511,206 Bourke Street,612.0,67.86,3182,630.0
698,15-18-princes-street-st-kilda-vic-3182-16027235,206 Bourke Street,1173.16,138.58,3182,495.0
699,69-chapel-street-st-kilda-vic-3182-16107526,206 Bourke Street,1530.43,158.68,3182,650.0
700,2-47-brighton-road-st-kilda-vic-3182-16103420,206 Bourke Street,2512.65,240.39,3182,400.0
701,15-39-41-wellington-street-st-kilda-vic-3182-16110681,206 Bourke Street,1856.8,230.76,3182,550.0
702,39-220-barkly-street-st-kilda-vic-3182-14537180,206 Bourke Street,209.51,20.62,3182,800.0
703,30-233-235-canterbury-road-st-kilda-west-vic-3182-16108250,206 Bourke Street,1343.48,152.99,3182,310.0
704,13-2a-robe-street-st-kilda-vic-3182-16113609,206 Bourke Street,807.29,104.84,3182,675.0
705,13-neptune-street-st-kilda-vic-3182-16108169,206 Bourke Street,948.94,126.07,3182,580.0
706,05-07-lambeth-place-st-kilda-vic-3182-16111844,206 Bourke Street,1540.93,185.55,3182,345.0
707,139-chapel-street-st-kilda-vic-3182-16110151,206 Bourke Street,1131.95,130.3,3182,640.0
708,18-11-17-park-street-st-kilda-west-vic-3182-16099197,206 Bourke Street,1585.09,188.33,3182,450.0
709,8-36-blessington-street-st-kilda-vic-3182-16110703,206 Bourke Street,1043.39,155.84,3182,345.0
710,17-1-acland-street-st-kilda-vic-3182-16108171,206 Bourke Street,1446.0,187.0,3182,280.0
711,9-17-st-leondards-avenue-st-kilda-vic-3182-16110829,206 Bourke Street,1070.27,177.22,3182,590.0
712,1-2a-robe-street-st-kilda-vic-3182-16095963,206 Bourke Street,807.29,104.84,3182,595.0
713,6-50-fitzroy-street-st-kilda-vic-3182-16096820,206 Bourke Street,1268.94,147.55,3182,360.0
714,8-31-charnwood-road-st-kilda-vic-3182-16111421,206 Bourke Street,1710.96,219.73,3182,420.0
715,1-116-inkerman-road-st-kilda-vic-3182-15926395,206 Bourke Street,1024.98,132.86,3182,280.0
716,2b-waterloo-crescent-st-kilda-vic-3182-16103682,206 Bourke Street,897.98,100.27,3182,995.0
717,16-42-waterloo-crescent-st-kilda-vic-3182-16112116,206 Bourke Street,887.95,105.12,3182,250.0
718,4-30-mitford-street-st-kilda-vic-3182-16099536,206 Bourke Street,467.07,89.92,3182,395.0
719,202-8-blanche-street-st-kilda-vic-3182-16095573,206 Bourke Street,491.09,62.19,3182,600.0
720,9-26-loch-street-st-kilda-west-vic-3182-16108504,206 Bourke Street,1805.77,200.42,3182,495.0
721,4-odessa-street-st-kilda-vic-3182-16094649,206 Bourke Street,1637.57,200.21,3182,770.0
722,8-16-marine-parade-st-kilda-vic-3182-16107202,206 Bourke Street,997.48,130.25,3182,400.0
723,3-16-eildon-road-st-kilda-vic-3182-16110741,206 Bourke Street,1432.39,188.2,3182,575.0
724,2-6-charlotte-place-st-kilda-vic-3182-16104068,206 Bourke Street,2344.19,292.82,3182,690.0
725,10-11-marine-parade-st-kilda-vic-3182-16091874,206 Bourke Street,1066.51,135.22,3182,360.0
726,205-211-44-barkly-street-st-kilda-vic-3182-15694325,206 Bourke Street,1025.71,110.39,3182,260.0
727,9-39-eildon-rd-st-kilda-vic-3182-14637707,206 Bourke Street,1021.97,117.3,3182,400.0
728,5-16-blessington-court-st-kilda-vic-3182-16091470,206 Bourke Street,832.87,135.81,3182,300.0
729,203-120-hotham-street-st-kilda-east-vic-3183-16098448,206 Bourke Street,2137.12,237.53,3183,690.0
730,14-3-balston-street-balaclava-vic-3183-16112313,206 Bourke Street,2092.99,211.42,3183,320.0
731,12-rosamond-street-balaclava-vic-3183-16113271,206 Bourke Street,1261.46,152.82,3183,695.0
732,1-3-7-sebastopol-street-st-kilda-east-vic-3183-16104975,206 Bourke Street,2095.2,208.72,3183,330.0
733,1-kalymna-grove-st-kilda-east-vic-3183-16110858,206 Bourke Street,2678.92,247.42,3183,800.0
734,8-9-celeste-court-st-kilda-east-vic-3183-16109885,Acland Court Shopping Centre,2109.04,220.75,3183,300.0
735,7-15-hotham-st-st-kilda-east-vic-3183-16104219,Altona Gate Shopping Centre,2277.93,221.97,3183,445.0
736,1-107-grosvenor-street-balaclava-vic-3183-16096804,206 Bourke Street,2382.85,264.75,3183,495.0
737,301-2a-nelson-street-balaclava-vic-3183-16104630,206 Bourke Street,1587.98,213.79,3183,530.0
738,102-190-alma-rd-st-kilda-east-vic-3183-16098637,Acland Court Shopping Centre,2239.46,217.1,3183,550.0
739,1-5-te-arai-ave-st-kilda-east-vic-3183-16103327,Acland Court Shopping Centre,2140.94,236.01,3183,525.0
740,6-75-westbury-street-st-kilda-east-vic-3183-16104087,206 Bourke Street,2002.57,194.15,3183,430.0
741,9a-rosamond-street-balaclava-vic-3183-16098659,206 Bourke Street,1287.47,154.65,3183,780.0
742,8-8-cardigan-street-st-kilda-east-vic-3183-16094608,206 Bourke Street,2401.54,227.09,3183,380.0
743,12-203-alma-rd-st-kilda-east-vic-3183-16097827,Acland Court Shopping Centre,2314.77,221.31,3183,440.0
744,602-71-inkerman-st-st-kilda-east-vic-3183-16091456,206 Bourke Street,2140.45,202.6,3183,690.0
745,1-296-inkerman-st-st-kilda-east-vic-3183-16106154,206 Bourke Street,2255.88,211.59,3183,385.0
746,12-55-alexandra-street-st-kilda-east-vic-3183-16096796,Acland Court Shopping Centre,2661.02,247.64,3183,430.0
747,10-4a-wando-grove-st-kilda-east-vic-3183-16099165,Acland Court Shopping Centre,2149.02,247.17,3183,475.0
748,27-4-wando-grove-st-kilda-east-vic-3183-16098295,Acland Court Shopping Centre,2144.76,246.14,3183,290.0
749,3-24-26-burns-street-elwood-vic-3184-16092084,206 Bourke Street,2555.35,252.39,3184,480.0
750,5-48-spray-street-elwood-vic-3184-16092133,206 Bourke Street,2456.25,280.44,3184,390.0
751,89b-ruskin-street-elwood-vic-3184-16092997,206 Bourke Street,1370.96,186.2,3184,1200.0
752,7-54-tennyson-street-elwood-vic-3184-16106407,206 Bourke Street,1725.1,223.86,3184,400.0
753,3-46-foam-street-elwood-vic-3184-16109685,206 Bourke Street,2808.51,299.19,3184,490.0
754,6-59-61-ormond-esplanade-elwood-vic-3184-16110347,206 Bourke Street,2262.39,238.57,3184,770.0
755,1-1-ruskin-street-elwood-vic-3184-16106092,206 Bourke Street,753.97,90.3,3184,595.0
756,7-51-55-goldsmith-street-elwood-vic-3184-16104905,206 Bourke Street,1883.74,259.03,3184,1450.0
757,1-151-glen-huntly-rd-elwood-vic-3184-16095357,206 Bourke Street,2705.9,266.43,3184,400.0
758,4-19-milton-street-elwood-vic-3184-16106784,206 Bourke Street,1733.7,225.92,3184,550.0
759,1-9-poets-grove-elwood-vic-3184-16100027,206 Bourke Street,2593.17,300.55,3184,590.0
760,9-40-ormond-road-elwood-vic-3184-16104855,206 Bourke Street,2098.53,213.84,3184,330.0
761,g07-12-14-dickens-street-elwood-vic-3184-16098537,206 Bourke Street,1246.52,164.07,3184,425.0
762,5-111-ruskin-street-elwood-vic-3184-16104155,206 Bourke Street,1571.65,184.13,3184,800.0
763,13-47-brighton-road-elwood-vic-3184-16099504,206 Bourke Street,1012.57,116.21,3184,440.0
764,1-9-robert-st-elwood-vic-3184-16108685,206 Bourke Street,2139.77,245.95,3184,325.0
765,3-483-st-kilda-street-elwood-vic-3184-16094510,206 Bourke Street,3049.41,305.1,3184,825.0
766,4-49a-tennyson-street-elwood-vic-3184-16109927,206 Bourke Street,2105.31,236.65,3184,415.0
767,6-25-dickens-street-elwood-vic-3184-16099687,206 Bourke Street,774.9,163.79,3184,490.0
768,3-22-wave-street-elwood-vic-3184-16095176,206 Bourke Street,2456.53,262.71,3184,620.0
769,5-8-john-street-elwood-vic-3184-16106183,206 Bourke Street,2222.32,274.45,3184,420.0
770,3-487-kooyong-road-elsternwick-vic-3185-16105411,Balnarring Village Shopping Centre,4699.85,420.84,3185,295.0
771,7-162-brighton-road-ripponlea-vic-3185-16100540,206 Bourke Street,2915.47,313.08,3185,395.0
772,76-allison-road-elsternwick-vic-3185-16105190,Acland Court Shopping Centre,3370.5,337.67,3185,1200.0
773,7-6-ripon-grove-elsternwick-vic-3185-16100128,206 Bourke Street,3126.52,370.76,3185,340.0
774,504-415-glen-huntly-road-elsternwick-vic-3185-16107407,206 Bourke Street,3452.76,353.87,3185,399.0
775,78-allison-road-elsternwick-vic-3185-16092486,Acland Court Shopping Centre,3367.66,339.69,3185,730.0
776,4-44-clarence-street-elsternwick-vic-3185-16110408,206 Bourke Street,4311.42,403.69,3185,350.0
777,26-clarence-street-elsternwick-vic-3185-12646931,206 Bourke Street,4429.17,457.73,3185,850.0
778,311-7-nepean-highway-elsternwick-vic-3185-16099376,206 Bourke Street,2997.45,333.02,3185,420.0
779,2-9-oak-grove-ripponlea-vic-3185-16100046,206 Bourke Street,2233.11,270.66,3185,380.0
780,4-22-allison-road-elsternwick-vic-3185-11212197,206 Bourke Street,3552.56,373.93,3185,450.0
781,1-540-glenhuntly-road-elsternwick-vic-3185-12838412,206 Bourke Street,3746.67,364.48,3185,345.0
782,4-22-magnolia-road-gardenvale-vic-3185-16109985,Barkly Square,5204.61,464.38,3185,245.0
783,3-21-brickwood-st-brighton-vic-3186-16109290,206 Bourke Street,4192.36,486.42,3186,510.0
784,10-26-warleigh-grove-brighton-vic-3186-16111350,206 Bourke Street,5748.7,606.67,3186,595.0
785,1-huntley-street-brighton-vic-3186-16110309,206 Bourke Street,3008.62,340.62,3186,1150.0
786,2-876-hampton-street-brighton-vic-3186-16109894,Barkly Square,5923.28,648.03,3186,650.0
787,145a-church-street-brighton-vic-3186-16108276,Balnarring Village Shopping Centre,5949.85,704.23,3186,595.0
788,101-67-well-street-brighton-vic-3186-16091137,Balnarring Village Shopping Centre,5773.5,691.06,3186,1450.0
789,5-297-st-kilda-street-brighton-vic-3186-16092184,206 Bourke Street,4811.97,511.33,3186,450.0
790,310-380-bay-street-brighton-vic-3186-16097678,Barkly Square,5682.32,738.1,3186,675.0
791,33-campbell-street-brighton-vic-3186-16104223,206 Bourke Street,4521.35,459.6,3186,1020.0
792,4-14-enfield-road-brighton-vic-3186-16106550,206 Bourke Street,6021.38,640.62,3186,450.0
793,8-yuille-street-brighton-vic-3186-16105002,Acland Court Shopping Centre,5800.61,544.28,3186,870.0
794,148-bay-street-brighton-vic-3186-16111243,206 Bourke Street,5341.99,525.0,3186,1200.0
795,107-7-9-cowra-street-brighton-vic-3186-16103475,Barkly Square,5606.65,748.28,3186,600.0
796,5-32-bay-street-brighton-vic-3186-16104811,206 Bourke Street,4641.23,499.66,3186,810.0
797,238a-were-street-brighton-east-vic-3187-16110215,Acland Court Shopping Centre,4633.66,480.27,3187,1699.0
798,2-10-alford-street-brighton-east-vic-3187-16094684,206 Bourke Street,5886.9,651.31,3187,620.0
799,26-cummins-road-brighton-east-vic-3187-16105212,Acland Court Shopping Centre,2648.26,364.97,3187,690.0
800,20a-burwah-avenue-brighton-east-vic-3187-16103434,Acland Court Shopping Centre,3633.55,468.12,3187,1250.0
801,2-mayrose-crescent-brighton-east-vic-3187-16103263,Altona Gate Shopping Centre,5827.06,530.46,3187,1090.0
802,16a-plunket-street-brighton-east-vic-3187-16099058,Acland Court Shopping Centre,4132.85,502.94,3187,1400.0
803,2b-parker-st-brighton-east-vic-3187-16091552,Acland Court Shopping Centre,3991.75,501.84,3187,975.0
804,207-2-willis-lane-hampton-east-vic-3188-16093050,Acland Court Shopping Centre,5369.28,540.12,3188,320.0
805,6-518-bluff-rd-hampton-vic-3188-16103170,Acland Court Shopping Centre,2803.78,297.97,3188,350.0
806,209-427-hampton-street-hampton-vic-3188-16108518,Acland Court Shopping Centre,4945.07,472.46,3188,350.0
807,78a-teddington-road-hampton-vic-3188-16105795,Acland Court Shopping Centre,2894.34,309.86,3188,1100.0
808,316b-south-road-hampton-east-vic-3188-16101248,206 Bourke Street,2281.17,330.76,3188,900.0
809,g01-43-crisp-street-hampton-vic-3188-16104598,206 Bourke Street,3576.84,362.41,3188,1200.0
810,5-45-grenville-street-hampton-vic-3188-16094685,Acland Court Shopping Centre,5112.89,494.93,3188,795.0
811,22a-tweed-st-highett-vic-3190-16103736,206 Bourke Street,1607.11,221.12,3190,770.0
812,205-6-dart-street-highett-vic-3190-16096414,206 Bourke Street,361.69,45.58,3190,480.0
813,46a-46b-turner-road-highett-vic-3190-16109315,206 Bourke Street,1431.08,208.53,3190,995.0
814,208-20-station-street-highett-vic-3190-16092254,206 Bourke Street,324.3,57.89,3190,500.0
815,49-spring-road-highett-vic-3190-16111073,Acland Court Shopping Centre,1281.61,194.41,3190,495.0
816,8-grange-road-sandringham-vic-3191-15431555,206 Bourke Street,3066.69,283.07,3191,1300.0
817,4-264-bluff-road-sandringham-vic-3191-16092529,206 Bourke Street,2877.05,206.91,3191,550.0
818,803-222-bay-road-sandringham-vic-3191-16103691,206 Bourke Street,2171.96,220.96,3191,390.0
819,3-188-bay-road-sandringham-vic-3191-16112438,206 Bourke Street,2645.14,198.59,3191,630.0
820,19-norwood-st-sandringham-vic-3191-16094744,206 Bourke Street,3971.58,329.4,3191,1500.0
821,201-26-30-waltham-street-sandringham-vic-3191-16102732,206 Bourke Street,3893.34,326.11,3191,500.0
822,124-abbott-st-sandringham-vic-3191-16111338,206 Bourke Street,2698.35,205.86,3191,795.0
823,217-222-bay-road-sandringham-vic-3191-16103690,206 Bourke Street,2171.96,220.96,3191,390.0
824,3-198-bluff-road-sandringham-vic-3191-16100496,206 Bourke Street,3367.01,253.85,3191,420.0
825,610-2-6-railway-road-cheltenham-vic-3192-16092472,206 Bourke Street,1555.12,275.44,3192,450.0
826,6-fairview-drive-cheltenham-vic-3192-16111130,Altona Gate Shopping Centre,1732.83,344.62,3192,795.0
827,6-mckay-avenue-black-rock-vic-3193-16110627,206 Bourke Street,3988.65,313.13,3193,850.0
828,72b-ardoyne-st-black-rock-vic-3193-16109670,Acland Court Shopping Centre,5317.89,577.45,3193,1200.0
829,17-fourth-street-black-rock-vic-3193-16108263,Altona Gate Shopping Centre,5524.14,570.82,3193,1100.0
830,3-529-balcombe-rd-black-rock-vic-3193-16100369,206 Bourke Street,5701.62,451.83,3193,550.0
831,1-26-patty-street-mentone-vic-3194-16106737,Altona Gate Shopping Centre,2487.74,370.31,3194,460.0
832,23-milan-street-mentone-vic-3194-16094642,Balnarring Village Shopping Centre,3287.96,331.04,3194,1300.0
833,2-41-albenca-street-mentone-vic-3194-15355277,206 Bourke Street,854.91,175.26,3194,430.0
834,3-119-mcdonald-st-mordialloc-vic-3195-16111302,Acland Court Shopping Centre,1682.37,234.29,3195,370.0
835,40-kokoda-place-mordialloc-vic-3195-16096229,206 Bourke Street,723.47,124.28,3195,550.0
836,3-20-parkers-rd-parkdale-vic-3195-16096970,206 Bourke Street,1791.58,206.04,3195,550.0
837,14-rosella-road-parkdale-vic-3195-16103628,206 Bourke Street,1237.12,160.27,3195,1100.0
838,40-berry-avenue-edithvale-vic-3196-16105305,206 Bourke Street,5130.8,526.95,3196,575.0
839,10-216-station-street-edithvale-vic-3196-14486078,206 Bourke Street,3960.59,414.88,3196,440.0
840,5-8-10-turakina-avenue-edithvale-vic-3196-16104021,206 Bourke Street,4252.27,471.09,3196,350.0
841,2-62-screen-street-frankston-vic-3199-16094995,206 Bourke Street,1923.54,328.8,3199,440.0
842,44-bushlark-drive-carrum-downs-vic-3201-16097673,206 Bourke Street,3168.28,303.73,3201,480.0
843,2-45-queen-street-ormond-vic-3204-16101296,Acland Court Shopping Centre,3795.99,379.93,3204,1200.0
844,2-7-ormond-road-ormond-vic-3204-16096904,206 Bourke Street,3241.16,313.11,3204,575.0
845,1-210-tucker-road-bentleigh-vic-3204-16103255,206 Bourke Street,4746.94,482.69,3204,650.0
846,2-9-lillimur-road-ormond-vic-3204-16107547,206 Bourke Street,3624.61,330.11,3204,300.0
847,g07-3-claire-street-mckinnon-vic-3204-15478778,206 Bourke Street,4439.33,401.92,3204,560.0
848,8-bevan-street-ormond-vic-3204-16111581,206 Bourke Street,4869.33,455.23,3204,1500.0
849,6-4-holloway-street-ormond-vic-3204-16099235,206 Bourke Street,3036.35,280.99,3204,305.0
850,2-29-wheeler-street-ormond-vic-3204-16107896,206 Bourke Street,3949.23,354.03,3204,600.0
851,9-clapperton-street-bentleigh-vic-3204-16092512,206 Bourke Street,4906.77,513.03,3204,760.0
852,g02-236-jasper-road-mckinnon-vic-3204-16111151,Acland Court Shopping Centre,4040.62,427.59,3204,550.0
853,107-324-centre-road-bentleigh-vic-3204-16094020,206 Bourke Street,4008.97,441.46,3204,560.0
854,6-47-wheeler-st-ormond-vic-3204-16098675,206 Bourke Street,3811.5,337.5,3204,525.0
855,165-patterson-road-bentleigh-vic-3204-16096720,Acland Court Shopping Centre,3255.42,371.85,3204,930.0
856,147-patterson-road-bentleigh-vic-3204-16099099,Acland Court Shopping Centre,3127.84,362.66,3204,1050.0
857,g06-3-claire-street-mckinnon-vic-3204-15344621,206 Bourke Street,4439.33,401.92,3204,550.0
858,409-85-market-street-south-melbourne-vic-3205-16092256,206 Bourke Street,2208.5,298.48,3205,495.0
859,south-melbourne-vic-3205-15842582,Brandon Park Shopping Centre,2230.02,237.84,3205,620.0
860,7-2-heather-street-south-melbourne-vic-3205-16094728,Brandon Park Shopping Centre,2315.65,252.53,3205,750.0
861,3-56-smith-street-south-melbourne-vic-3205-16105162,Barkly Square,2057.38,317.99,3205,480.0
862,152-nelson-road-south-melbourne-vic-3205-16106350,Barkly Square,2215.71,352.22,3205,1000.0
863,84-palmerston-crescent-south-melbourne-vic-3205-16106315,Brandon Park Shopping Centre,2650.25,314.97,3205,550.0
864,2604-89-gladstone-street-south-melbourne-vic-3205-16097179,206 Bourke Street,929.7,192.58,3205,430.0
865,72b-napier-street-south-melbourne-vic-3205-16109558,Brandon Park Shopping Centre,2431.89,269.49,3205,495.0
866,511-37-39-park-street-south-melbourne-vic-3205-16111490,Bayside Shopping Centre,2630.35,301.48,3205,600.0
867,311-39-park-street-south-melbourne-vic-3205-16109887,Bayside Shopping Centre,2608.15,299.7,3205,600.0
868,24-henderson-street-south-melbourne-vic-3205-16091414,Barkly Square,2366.8,359.41,3205,745.0
869,406-75-palmerston-crescent-south-melbourne-vic-3205-16093654,Brimbank Central Shopping Centre,2589.93,333.14,3205,425.0
870,1207-39-park-street-south-melbourne-vic-3205-16093617,Bayside Shopping Centre,2608.15,299.7,3205,585.0
871,209-97-palmerston-crescent-south-melbourne-vic-3205-16099232,Brandon Park Shopping Centre,2598.97,295.2,3205,400.0
872,907-37-39-park-street-south-melbourne-vic-3205-15842582,Bayside Shopping Centre,2608.15,299.7,3205,620.0
873,33-nimmo-street-middle-park-vic-3206-16111553,206 Bourke Street,3113.0,340.15,3206,865.0
874,43-bevan-street-albert-park-vic-3206-16109623,Barrabool Hills Plaza,2488.2,349.12,3206,470.0
875,303-88-beaconsfield-parade-albert-park-vic-3206-16095682,206 Bourke Street,3680.56,444.17,3206,1100.0
876,135-spring-street-west-port-melbourne-vic-3207-16110342,206 Bourke Street,1740.99,273.68,3207,750.0
877,503-147-beach-street-port-melbourne-vic-3207-16113115,206 Bourke Street,3709.35,529.58,3207,1100.0
878,60-spring-street-east-port-melbourne-vic-3207-16113151,Barkly Square,1992.8,286.72,3207,760.0
879,4-71-esplanade-west-port-melbourne-vic-3207-16092101,Barkly Square,2510.73,348.38,3207,470.0
880,1-368-graham-street-port-melbourne-vic-3207-16093260,Acland Court Shopping Centre,2262.08,344.96,3207,740.0
881,1-08-91-dow-street-port-melbourne-vic-3207-16108681,Balnarring Village Shopping Centre,2759.6,396.43,3207,400.0
882,84-nott-street-port-melbourne-vic-3207-16112150,Balnarring Village Shopping Centre,2869.99,405.88,3207,850.0
883,17-120-princes-street-port-melbourne-vic-3207-16101214,Balnarring Village Shopping Centre,2609.94,391.56,3207,650.0
884,508-216-rouse-street-port-melbourne-vic-3207-16108824,Balnarring Village Shopping Centre,2862.96,415.94,3207,650.0
885,13-raglan-street-port-melbourne-vic-3207-16096777,Barkly Square,1909.71,271.51,3207,645.0
886,7-2-graham-street-port-melbourne-vic-3207-16107609,Balnarring Village Shopping Centre,2656.33,381.37,3207,390.0
887,66-spring-street-east-port-melbourne-vic-3207-16111770,Barkly Square,1979.33,277.94,3207,785.0
888,5-princes-place-port-melbourne-vic-3207-16095122,Altona Gate Shopping Centre,2776.68,422.07,3207,500.0
889,305-115-nott-street-port-melbourne-vic-3207-16105599,Balnarring Village Shopping Centre,2928.56,417.79,3207,700.0
890,2-hailar-lane-lara-vic-3212-16107512,206 Bourke Street,5598.8,482.92,3212,480.0
891,4-17-colac-gr-belmont-vic-3216-15755710,Acland Court Shopping Centre,2866.27,266.27,3216,400.0
892,100-settlement-road-belmont-vic-3216-16094466,206 Bourke Street,2040.73,247.13,3216,650.0
893,10-chucklecreek-lane-armstrong-creek-vic-3217-16110820,Altona Gate Shopping Centre,8059.02,672.26,3217,420.0
894,2-melville-avenue-geelong-west-vic-3218-16090991,Altona Gate Shopping Centre,3170.42,309.81,3218,570.0
895,2-melville-avenue-newtown-vic-3220-16090991,Altona Gate Shopping Centre,3170.42,309.81,3220,570.0
896,28-rimmington-way-rockbank-vic-3335-16099477,Acland Court Shopping Centre,10391.69,604.37,3335,380.0
897,6-cherry-cl-melton-west-vic-3337-16098222,206 Bourke Street,4126.37,448.98,3337,390.0
898,425-greenhalghs-road-delacombe-vic-3356-16104213,Acland Court Shopping Centre,7246.96,696.05,3356,435.0
899,7-74-south-street-wodonga-vic-3690-16091669,206 Bourke Street,782.76,133.17,3690,340.0
900,39-lawrence-street-wodonga-vic-3690-16114126,Acland Court Shopping Centre,2091.91,239.51,3690,420.0
901,1-koetong-crescent-west-wodonga-vic-3690-16112153,206 Bourke Street,2658.31,265.42,3690,530.0
902,10-arnold-place-wodonga-vic-3690-16109206,206 Bourke Street,1402.77,172.05,3690,420.0
903,29-2-hanlon-court-wodonga-vic-3690-16106894,206 Bourke Street,1248.76,161.34,3690,200.0
904,11-macquarie-road-wodonga-vic-3690-16100280,206 Bourke Street,3804.44,435.1,3690,450.0
905,4-25-melrose-drive-wodonga-vic-3690-12527064,206 Bourke Street,1453.8,161.35,3690,300.0
906,38-vermont-street-wodonga-vic-3690-16093688,206 Bourke Street,1327.26,156.26,3690,420.0
907,2-147-lawrence-street-wodonga-vic-3690-16107639,206 Bourke Street,1248.52,169.14,3690,650.0
908,22-kiewa-east-road-tangambalanga-vic-3691-16101133,206 Bourke Street,18724.49,1145.07,3691,580.0
909,283-mitta-north-road-eskdale-vic-3701-16100349,,,,3701,300.0
910,35-mahla-avenue-wollert-vic-3750-16092524,206 Bourke Street,1694.76,198.08,3750,440.0
911,7-mahla-ave-wollert-vic-3750-14803288,206 Bourke Street,1578.47,170.17,3750,410.0
912,20-flourish-walk-doreen-vic-3754-16109319,206 Bourke Street,9570.64,833.93,3754,350.0
913,3-outlook-drive-kalorama-vic-3766-16093096,206 Bourke Street,11123.82,965.46,3766,520.0
914,9-oakley-street-mount-dandenong-vic-3767-16111799,Altona Gate Shopping Centre,10330.91,1151.54,3767,500.0
915,30-beluga-street-mount-eliza-vic-3930-16104711,206 Bourke Street,3223.77,402.7,3930,1900.0
916,71-balcombe-drive-mount-martha-vic-3934-16113110,206 Bourke Street,1824.09,174.79,3934,950.0
917,4-cirrus-close-hampton-park-vic-3976-16112856,206 Bourke Street,2193.34,290.36,3976,420.0
918,12-mccomb-lane-cranbourne-vic-3977-16106494,Acland Court Shopping Centre,2704.51,302.24,3977,435.0
